[2026-06-03T07:23:42.600Z] GET http://localhost:4011/ui/ → 200 (5ms, 25528B)
[2026-06-03T07:23:42.653Z] GET http://localhost:4011/litellm-asset-prefix/_next/static/media/83afe278b6a6bb3c-s.p.3a6ba036.woff2 → 200 (22ms, 48432B)
[2026-06-03T07:23:42.653Z] GET http://localhost:4011/litellm-asset-prefix/_next/static/chunks/4e20891f2fd03463.css → 200 (9ms, 1996B)
[2026-06-03T07:23:42.653Z] GET http://localhost:4011/litellm-asset-prefix/_next/static/chunks/ab7673a38cfdad77.css → 200 (19ms, 471755B)
[2026-06-03T07:23:42.654Z] GET http://localhost:4011/litellm-asset-prefix/_next/static/chunks/3f3fa56b5786d58c.css → 200 (8ms, 1013B)
[2026-06-03T07:23:42.654Z] GET http://localhost:4011/litellm-asset-prefix/_next/static/chunks/5489ec6b9761f819.js → 200 (36ms, 23008B)
[2026-06-03T07:23:42.654Z] GET http://localhost:4011/litellm-asset-prefix/_next/static/chunks/1300460219810c10.js → 200 (123ms, 41583B)
[2026-06-03T07:23:42.654Z] GET http://localhost:4011/litellm-asset-prefix/_next/static/chunks/e96398764f77c728.js → 200 (124ms, 110109B)
[2026-06-03T07:23:42.654Z] GET http://localhost:4011/litellm-asset-prefix/_next/static/chunks/726579f2940c2a2f.js → 200 (124ms, 224513B)
[2026-06-03T07:23:42.654Z] GET http://localhost:4011/litellm-asset-prefix/_next/static/chunks/turbopack-ddedb29a5eb0118f.js → 200 (123ms, 10254B)
[2026-06-03T07:23:42.654Z] GET http://localhost:4011/litellm-asset-prefix/_next/static/chunks/9e09de50158b3159.js → 200 (124ms, 12810B)
[2026-06-03T07:23:42.654Z] GET http://localhost:4011/litellm-asset-prefix/_next/static/chunks/7e5fe5584502da06.js → 200 (124ms, 185214B)
[2026-06-03T07:23:42.654Z] GET http://localhost:4011/litellm-asset-prefix/_next/static/chunks/d96012bcfc98706a.js → 200 (125ms, 283B)
[2026-06-03T07:23:42.655Z] GET http://localhost:4011/litellm-asset-prefix/_next/static/chunks/dbca964212122d58.js → 200 (124ms, 30772B)
[2026-06-03T07:23:42.655Z] GET http://localhost:4011/litellm-asset-prefix/_next/static/chunks/cd677ff381b90c30.js → 200 (124ms, 26406B)
[2026-06-03T07:23:42.655Z] GET http://localhost:4011/litellm-asset-prefix/_next/static/chunks/0e65540d910189ec.js → 200 (125ms, 27774B)
[2026-06-03T07:23:42.655Z] GET http://localhost:4011/litellm-asset-prefix/_next/static/chunks/0549bc9afa7d4888.js → 200 (125ms, 22419B)
[2026-06-03T07:23:42.655Z] GET http://localhost:4011/litellm-asset-prefix/_next/static/chunks/403c4d96324c23a6.js → 200 (125ms, 38751B)
[2026-06-03T07:23:42.655Z] GET http://localhost:4011/litellm-asset-prefix/_next/static/chunks/eaa469b758cdd75d.js → 200 (128ms, 35993B)
[2026-06-03T07:23:42.655Z] GET http://localhost:4011/litellm-asset-prefix/_next/static/chunks/c53c9c7afec96700.js → 200 (209ms, ?B)
[2026-06-03T07:23:42.655Z] GET http://localhost:4011/litellm-asset-prefix/_next/static/chunks/1fe0596a309ad6cf.js → 200 (129ms, 33168B)
[2026-06-03T07:23:42.656Z] GET http://localhost:4011/litellm-asset-prefix/_next/static/chunks/c0b640cc12a2b90e.js → 200 (127ms, 30151B)
[2026-06-03T07:23:42.656Z] GET http://localhost:4011/litellm-asset-prefix/_next/static/chunks/ecce455f20a321a8.js → 200 (202ms, ?B)
[2026-06-03T07:23:42.656Z] GET http://localhost:4011/litellm-asset-prefix/_next/static/chunks/1bc2898be56acd1b.js → 200 (128ms, 43435B)
[2026-06-03T07:23:42.656Z] GET http://localhost:4011/litellm-asset-prefix/_next/static/chunks/88c74f8b4b20d25a.js → 200 (128ms, 28696B)
[2026-06-03T07:23:42.656Z] GET http://localhost:4011/litellm-asset-prefix/_next/static/chunks/d29d6e2ed772cd40.js → 200 (210ms, ?B)
[2026-06-03T07:23:42.656Z] GET http://localhost:4011/litellm-asset-prefix/_next/static/chunks/134f728fa7099e3e.js → 200 (209ms, ?B)
[2026-06-03T07:23:42.656Z] GET http://localhost:4011/litellm-asset-prefix/_next/static/chunks/a09028cd611c08ef.js → 200 (210ms, ?B)
[2026-06-03T07:23:42.656Z] GET http://localhost:4011/litellm-asset-prefix/_next/static/chunks/7b788dd93ad868b3.js → 200 (209ms, ?B)
[2026-06-03T07:23:42.656Z] GET http://localhost:4011/litellm-asset-prefix/_next/static/chunks/b18c9c2cb04f232f.js → 200 (269ms, ?B)
[2026-06-03T07:23:42.656Z] GET http://localhost:4011/litellm-asset-prefix/_next/static/chunks/47a838c67cdd745e.js → 200 (273ms, ?B)
[2026-06-03T07:23:42.656Z] GET http://localhost:4011/litellm-asset-prefix/_next/static/chunks/d3ac82723ec9e30d.js → 200 (299ms, ?B)
[2026-06-03T07:23:42.657Z] GET http://localhost:4011/litellm-asset-prefix/_next/static/chunks/0a240f3b9f7eb75f.js → 200 (291ms, ?B)
[2026-06-03T07:23:42.657Z] GET http://localhost:4011/litellm-asset-prefix/_next/static/chunks/89034a1473717ab9.js → 200 (297ms, ?B)
[2026-06-03T07:23:42.657Z] GET http://localhost:4011/litellm-asset-prefix/_next/static/chunks/e40bdf27db562169.js → 200 (290ms, ?B)
[2026-06-03T07:23:42.657Z] GET http://localhost:4011/litellm-asset-prefix/_next/static/chunks/3b30ab8eaa03bc21.js → 200 (296ms, ?B)
[2026-06-03T07:23:42.657Z] GET http://localhost:4011/litellm-asset-prefix/_next/static/chunks/e1f23fd814ac3500.js → 200 (297ms, ?B)
[2026-06-03T07:23:42.657Z] GET http://localhost:4011/litellm-asset-prefix/_next/static/chunks/60d899dd52430ef8.js → 200 (298ms, ?B)
[2026-06-03T07:23:42.657Z] GET http://localhost:4011/litellm-asset-prefix/_next/static/chunks/62b240881d1b6a32.js → 200 (298ms, ?B)
[2026-06-03T07:23:42.657Z] GET http://localhost:4011/litellm-asset-prefix/_next/static/chunks/3a50c1cde5b4e762.js → 200 (298ms, ?B)
[2026-06-03T07:23:42.657Z] GET http://localhost:4011/litellm-asset-prefix/_next/static/chunks/ddcd1fd842a79e55.js → 200 (298ms, ?B)
[2026-06-03T07:23:42.658Z] GET http://localhost:4011/litellm-asset-prefix/_next/static/chunks/7e417dd24c8becd0.js → pending (?ms, ?B)
[2026-06-03T07:23:42.658Z] GET http://localhost:4011/litellm-asset-prefix/_next/static/chunks/4da3a9cfe4fd184c.js → pending (?ms, ?B)
[2026-06-03T07:23:42.658Z] GET http://localhost:4011/litellm-asset-prefix/_next/static/chunks/08c0504a8b40be58.js → pending (?ms, ?B)
[2026-06-03T07:23:42.658Z] GET http://localhost:4011/litellm-asset-prefix/_next/static/chunks/f4d1949f60a5a018.js → pending (?ms, ?B)
[2026-06-03T07:23:42.658Z] GET http://localhost:4011/litellm-asset-prefix/_next/static/chunks/496b84010c33cf69.js → pending (?ms, ?B)
[2026-06-03T07:23:42.658Z] GET http://localhost:4011/litellm-asset-prefix/_next/static/chunks/ca5fbafaf3826374.js → pending (?ms, ?B)
[2026-06-03T07:23:42.658Z] GET http://localhost:4011/litellm-asset-prefix/_next/static/chunks/fcdf7322b0aa3e2e.js → pending (?ms, ?B)
[2026-06-03T07:23:42.658Z] GET http://localhost:4011/litellm-asset-prefix/_next/static/chunks/2f8533eeba82cab7.js → pending (?ms, ?B)
[2026-06-03T07:23:42.658Z] GET http://localhost:4011/litellm-asset-prefix/_next/static/chunks/f2da1c30c106cf05.js → pending (?ms, ?B)
[2026-06-03T07:23:42.658Z] GET http://localhost:4011/litellm-asset-prefix/_next/static/chunks/0a65da2cd24e2ab6.js → pending (?ms, ?B)
[2026-06-03T07:23:42.658Z] GET http://localhost:4011/litellm-asset-prefix/_next/static/chunks/4980372eaa37b78b.js → pending (?ms, ?B)
[2026-06-03T07:23:42.658Z] GET http://localhost:4011/litellm-asset-prefix/_next/static/chunks/341e7c75250f4f40.js → pending (?ms, ?B)
[2026-06-03T07:23:42.658Z] GET http://localhost:4011/litellm-asset-prefix/_next/static/chunks/908828a91f602d8b.js → pending (?ms, ?B)
[2026-06-03T07:23:42.661Z] GET http://localhost:4011/litellm-asset-prefix/_next/static/chunks/2971c4658f1bcd7d.js → pending (?ms, ?B)
[2026-06-03T07:23:42.661Z] GET http://localhost:4011/litellm-asset-prefix/_next/static/chunks/ca91b0fa4d619698.js → pending (?ms, ?B)
[2026-06-03T07:23:42.661Z] GET http://localhost:4011/litellm-asset-prefix/_next/static/chunks/7149faf92f484aca.js → pending (?ms, ?B)
[2026-06-03T07:23:42.661Z] GET http://localhost:4011/litellm-asset-prefix/_next/static/chunks/eaa9f9b9bb3e054b.js → pending (?ms, ?B)
[2026-06-03T07:23:42.661Z] GET http://localhost:4011/litellm-asset-prefix/_next/static/chunks/f9c24d6e7ec43046.js → pending (?ms, ?B)
[2026-06-03T07:23:42.662Z] GET http://localhost:4011/litellm-asset-prefix/_next/static/chunks/7c797521435cb59c.js → pending (?ms, ?B)
[2026-06-03T07:23:42.662Z] GET http://localhost:4011/litellm-asset-prefix/_next/static/chunks/ac92164b24de092b.js → pending (?ms, ?B)
[2026-06-03T07:23:42.662Z] GET http://localhost:4011/litellm-asset-prefix/_next/static/chunks/99cf9cf99df5ccfc.js → pending (?ms, ?B)
[2026-06-03T07:23:42.662Z] GET http://localhost:4011/litellm-asset-prefix/_next/static/chunks/3bddc72a3ecc2253.js → pending (?ms, ?B)
[2026-06-03T07:23:42.662Z] GET http://localhost:4011/litellm-asset-prefix/_next/static/chunks/3daef8922b68e600.js → pending (?ms, ?B)
[2026-06-03T07:23:44.046Z] GET http://localhost:4011/litellm/.well-known/litellm-ui-config → 200 (19ms, ?B)
[2026-06-03T07:23:44.075Z] GET http://localhost:4011/ui/login?redirect_to=http%3A%2F%2Flocalhost%3A4011%2Fui%2F → 307 (7ms, ?B)
[2026-06-03T07:23:44.083Z] GET http://localhost:4011/ui/login/?redirect_to=http%3A%2F%2Flocalhost%3A4011%2Fui%2F → 200 (14ms, 11621B)
[2026-06-03T07:23:44.130Z] GET http://localhost:4011/litellm-asset-prefix/_next/static/media/83afe278b6a6bb3c-s.p.3a6ba036.woff2 → 200 (1ms, ?B)
[2026-06-03T07:23:44.132Z] GET http://localhost:4011/litellm-asset-prefix/_next/static/chunks/4e20891f2fd03463.css → 200 (?ms, 1996B)
[2026-06-03T07:23:44.132Z] GET http://localhost:4011/litellm-asset-prefix/_next/static/chunks/ab7673a38cfdad77.css → 200 (?ms, 471755B)
[2026-06-03T07:23:44.132Z] GET http://localhost:4011/litellm-asset-prefix/_next/static/chunks/5489ec6b9761f819.js → 200 (?ms, 23008B)
[2026-06-03T07:23:44.133Z] GET http://localhost:4011/litellm-asset-prefix/_next/static/chunks/1300460219810c10.js → 200 (?ms, 41583B)
[2026-06-03T07:23:44.133Z] GET http://localhost:4011/litellm-asset-prefix/_next/static/chunks/e96398764f77c728.js → 200 (?ms, 110109B)
[2026-06-03T07:23:44.133Z] GET http://localhost:4011/litellm-asset-prefix/_next/static/chunks/726579f2940c2a2f.js → 200 (?ms, 224513B)
[2026-06-03T07:23:44.134Z] GET http://localhost:4011/litellm-asset-prefix/_next/static/chunks/turbopack-ddedb29a5eb0118f.js → 200 (?ms, 10254B)
[2026-06-03T07:23:44.134Z] GET http://localhost:4011/litellm-asset-prefix/_next/static/chunks/9e09de50158b3159.js → 200 (?ms, 12810B)
[2026-06-03T07:23:44.134Z] GET http://localhost:4011/litellm-asset-prefix/_next/static/chunks/7e5fe5584502da06.js → 200 (?ms, 185214B)
[2026-06-03T07:23:44.134Z] GET http://localhost:4011/litellm-asset-prefix/_next/static/chunks/d96012bcfc98706a.js → 200 (1ms, 283B)
[2026-06-03T07:23:44.135Z] GET http://localhost:4011/litellm-asset-prefix/_next/static/chunks/dbca964212122d58.js → 200 (?ms, 30772B)
[2026-06-03T07:23:44.135Z] GET http://localhost:4011/litellm-asset-prefix/_next/static/chunks/6392214b899e5c07.js → 200 (26ms, 16555B)
[2026-06-03T07:23:44.135Z] GET http://localhost:4011/litellm-asset-prefix/_next/static/chunks/a1ef280b7ad5ae6a.js → 200 (42ms, 38257B)
[2026-06-03T07:23:44.135Z] GET http://localhost:4011/litellm-asset-prefix/_next/static/chunks/0a6c418370a8c183.js → 200 (42ms, 22346B)
[2026-06-03T07:23:44.135Z] GET http://localhost:4011/litellm-asset-prefix/_next/static/chunks/570b2e10aa856e54.js → 200 (44ms, 28696B)
[2026-06-03T07:23:44.135Z] GET http://localhost:4011/litellm-asset-prefix/_next/static/chunks/6a0fd05cc4ab959b.js → 200 (98ms, 551122B)
[2026-06-03T07:23:44.135Z] GET http://localhost:4011/litellm-asset-prefix/_next/static/chunks/fcad393dcc862a21.js → 200 (44ms, 39519B)
[2026-06-03T07:23:44.135Z] GET http://localhost:4011/litellm-asset-prefix/_next/static/chunks/7b788dd93ad868b3.js → 200 (?ms, 26346B)
[2026-06-03T07:23:44.421Z] GET http://localhost:4011/litellm/.well-known/litellm-ui-config → 200 (1ms, 161B)
[2026-06-03T07:24:06.072Z] POST http://localhost:4011/v2/login → 200 (124ms, 509B)
[2026-06-03T07:24:06.196Z] GET http://localhost:4011/ui/index.txt?_rsc=5c339 → 200 (8ms, 15852B)
[2026-06-03T07:24:06.227Z] GET http://localhost:4011/litellm-asset-prefix/_next/static/chunks/cd677ff381b90c30.js → 200 (117ms, ?B)
[2026-06-03T07:24:06.227Z] GET http://localhost:4011/litellm-asset-prefix/_next/static/chunks/0e65540d910189ec.js → 200 (132ms, ?B)
[2026-06-03T07:24:06.227Z] GET http://localhost:4011/litellm-asset-prefix/_next/static/chunks/0549bc9afa7d4888.js → 200 (132ms, ?B)
[2026-06-03T07:24:06.227Z] GET http://localhost:4011/litellm-asset-prefix/_next/static/chunks/403c4d96324c23a6.js → 200 (140ms, ?B)
[2026-06-03T07:24:06.227Z] GET http://localhost:4011/litellm-asset-prefix/_next/static/chunks/eaa469b758cdd75d.js → 200 (138ms, ?B)
[2026-06-03T07:24:06.227Z] GET http://localhost:4011/litellm-asset-prefix/_next/static/chunks/c53c9c7afec96700.js → 200 (140ms, ?B)
[2026-06-03T07:24:06.227Z] GET http://localhost:4011/litellm-asset-prefix/_next/static/chunks/1fe0596a309ad6cf.js → 200 (140ms, ?B)
[2026-06-03T07:24:06.227Z] GET http://localhost:4011/litellm-asset-prefix/_next/static/chunks/c0b640cc12a2b90e.js → 200 (141ms, ?B)
[2026-06-03T07:24:06.227Z] GET http://localhost:4011/litellm-asset-prefix/_next/static/chunks/ecce455f20a321a8.js → 200 (140ms, ?B)
[2026-06-03T07:24:06.227Z] GET http://localhost:4011/litellm-asset-prefix/_next/static/chunks/1bc2898be56acd1b.js → 200 (141ms, ?B)
[2026-06-03T07:24:06.227Z] GET http://localhost:4011/litellm-asset-prefix/_next/static/chunks/88c74f8b4b20d25a.js → 200 (141ms, ?B)
[2026-06-03T07:24:06.227Z] GET http://localhost:4011/litellm-asset-prefix/_next/static/chunks/d29d6e2ed772cd40.js → 200 (141ms, ?B)
[2026-06-03T07:24:06.227Z] GET http://localhost:4011/litellm-asset-prefix/_next/static/chunks/134f728fa7099e3e.js → 200 (141ms, ?B)
[2026-06-03T07:24:06.227Z] GET http://localhost:4011/litellm-asset-prefix/_next/static/chunks/a09028cd611c08ef.js → 200 (147ms, ?B)
[2026-06-03T07:24:06.227Z] GET http://localhost:4011/litellm-asset-prefix/_next/static/chunks/b18c9c2cb04f232f.js → 200 (148ms, ?B)
[2026-06-03T07:24:06.227Z] GET http://localhost:4011/litellm-asset-prefix/_next/static/chunks/47a838c67cdd745e.js → 200 (147ms, ?B)
[2026-06-03T07:24:06.227Z] GET http://localhost:4011/litellm-asset-prefix/_next/static/chunks/d3ac82723ec9e30d.js → 200 (142ms, ?B)
[2026-06-03T07:24:06.228Z] GET http://localhost:4011/litellm-asset-prefix/_next/static/chunks/0a240f3b9f7eb75f.js → 200 (141ms, ?B)
[2026-06-03T07:24:06.228Z] GET http://localhost:4011/litellm-asset-prefix/_next/static/chunks/89034a1473717ab9.js → 200 (142ms, ?B)
[2026-06-03T07:24:06.228Z] GET http://localhost:4011/litellm-asset-prefix/_next/static/chunks/e40bdf27db562169.js → 200 (147ms, ?B)
[2026-06-03T07:24:06.228Z] GET http://localhost:4011/litellm-asset-prefix/_next/static/chunks/3b30ab8eaa03bc21.js → 200 (146ms, ?B)
[2026-06-03T07:24:06.228Z] GET http://localhost:4011/litellm-asset-prefix/_next/static/chunks/e1f23fd814ac3500.js → 200 (147ms, ?B)
[2026-06-03T07:24:06.228Z] GET http://localhost:4011/litellm-asset-prefix/_next/static/chunks/60d899dd52430ef8.js → 200 (147ms, ?B)
[2026-06-03T07:24:06.228Z] GET http://localhost:4011/litellm-asset-prefix/_next/static/chunks/62b240881d1b6a32.js → 200 (148ms, ?B)
[2026-06-03T07:24:06.228Z] GET http://localhost:4011/litellm-asset-prefix/_next/static/chunks/3a50c1cde5b4e762.js → 200 (149ms, ?B)
[2026-06-03T07:24:06.228Z] GET http://localhost:4011/litellm-asset-prefix/_next/static/chunks/ddcd1fd842a79e55.js → 200 (147ms, ?B)
[2026-06-03T07:24:06.228Z] GET http://localhost:4011/litellm-asset-prefix/_next/static/chunks/7e417dd24c8becd0.js → 200 (?ms, 625410B)
[2026-06-03T07:24:06.228Z] GET http://localhost:4011/litellm-asset-prefix/_next/static/chunks/4da3a9cfe4fd184c.js → 200 (148ms, ?B)
[2026-06-03T07:24:06.228Z] GET http://localhost:4011/litellm-asset-prefix/_next/static/chunks/08c0504a8b40be58.js → 200 (?ms, 551122B)
[2026-06-03T07:24:06.228Z] GET http://localhost:4011/litellm-asset-prefix/_next/static/chunks/f4d1949f60a5a018.js → 200 (148ms, ?B)
[2026-06-03T07:24:06.230Z] GET http://localhost:4011/litellm-asset-prefix/_next/static/chunks/496b84010c33cf69.js → 200 (?ms, 397105B)
[2026-06-03T07:24:06.230Z] GET http://localhost:4011/litellm-asset-prefix/_next/static/chunks/ca5fbafaf3826374.js → 200 (146ms, ?B)
[2026-06-03T07:24:06.230Z] GET http://localhost:4011/litellm-asset-prefix/_next/static/chunks/fcdf7322b0aa3e2e.js → 200 (147ms, ?B)
[2026-06-03T07:24:06.230Z] GET http://localhost:4011/litellm-asset-prefix/_next/static/chunks/2f8533eeba82cab7.js → 200 (?ms, 102430B)
[2026-06-03T07:24:06.231Z] GET http://localhost:4011/litellm-asset-prefix/_next/static/chunks/f2da1c30c106cf05.js → 200 (?ms, 189972B)
[2026-06-03T07:24:06.231Z] GET http://localhost:4011/litellm-asset-prefix/_next/static/chunks/0a65da2cd24e2ab6.js → 200 (?ms, 106863B)
[2026-06-03T07:24:06.231Z] GET http://localhost:4011/litellm-asset-prefix/_next/static/chunks/4980372eaa37b78b.js → 200 (?ms, 120305B)
[2026-06-03T07:24:06.231Z] GET http://localhost:4011/litellm-asset-prefix/_next/static/chunks/341e7c75250f4f40.js → 200 (?ms, 87672B)
[2026-06-03T07:24:06.231Z] GET http://localhost:4011/litellm-asset-prefix/_next/static/chunks/908828a91f602d8b.js → 200 (1ms, 152521B)
[2026-06-03T07:24:06.232Z] GET http://localhost:4011/litellm-asset-prefix/_next/static/chunks/2971c4658f1bcd7d.js → 200 (8ms, 78766B)
[2026-06-03T07:24:06.242Z] GET http://localhost:4011/litellm-asset-prefix/_next/static/chunks/ca91b0fa4d619698.js → 200 (?ms, 122239B)
[2026-06-03T07:24:06.242Z] GET http://localhost:4011/litellm-asset-prefix/_next/static/chunks/7149faf92f484aca.js → 200 (20ms, 90103B)
[2026-06-03T07:24:06.262Z] GET http://localhost:4011/litellm-asset-prefix/_next/static/chunks/eaa9f9b9bb3e054b.js → 200 (?ms, 174972B)
[2026-06-03T07:24:06.262Z] GET http://localhost:4011/litellm-asset-prefix/_next/static/chunks/f9c24d6e7ec43046.js → 200 (?ms, 46854B)
[2026-06-03T07:24:06.262Z] GET http://localhost:4011/litellm-asset-prefix/_next/static/chunks/7c797521435cb59c.js → 200 (1ms, 65097B)
[2026-06-03T07:24:06.263Z] GET http://localhost:4011/litellm-asset-prefix/_next/static/chunks/ac92164b24de092b.js → 200 (?ms, 81224B)
[2026-06-03T07:24:06.263Z] GET http://localhost:4011/litellm-asset-prefix/_next/static/chunks/99cf9cf99df5ccfc.js → 200 (?ms, 311450B)
[2026-06-03T07:24:06.263Z] GET http://localhost:4011/litellm-asset-prefix/_next/static/chunks/3bddc72a3ecc2253.js → 200 (?ms, 160159B)
[2026-06-03T07:24:06.263Z] GET http://localhost:4011/litellm-asset-prefix/_next/static/chunks/3daef8922b68e600.js → 200 (?ms, 206622B)
[2026-06-03T07:24:06.263Z] GET http://localhost:4011/litellm-asset-prefix/_next/static/chunks/3f3fa56b5786d58c.css → 200 (1ms, 1013B)
[2026-06-03T07:24:07.384Z] GET http://localhost:4011/litellm-asset-prefix/_next/static/chunks/7e417dd24c8becd0.js → 200 (342ms, 625410B)
[2026-06-03T07:24:07.385Z] GET http://localhost:4011/litellm/.well-known/litellm-ui-config → 200 (23ms, 161B)
[2026-06-03T07:24:07.643Z] GET http://localhost:4011/public/litellm_blog_posts → 200 (103ms, 353B)
[2026-06-03T07:24:07.643Z] GET http://localhost:4011/health/readiness → 200 (103ms, 290B)
[2026-06-03T07:24:07.643Z] GET http://localhost:4011/user/available_users → 200 (238ms, 139B)
[2026-06-03T07:24:07.643Z] GET http://localhost:4011/health/license → 200 (226ms, 138B)
[2026-06-03T07:24:07.649Z] GET http://localhost:4011/organization/list → pending (?ms, ?B)
[2026-06-03T07:24:07.649Z] GET http://localhost:4011/team/list → pending (?ms, ?B)
[2026-06-03T07:24:07.649Z] GET http://localhost:4011/get/ui_settings → pending (?ms, ?B)
[2026-06-03T07:24:07.649Z] GET http://localhost:4011/get/ui_theme_settings → 200 (220ms, 391B)
[2026-06-03T07:24:07.649Z] GET http://localhost:4011/sso/get/ui_settings → pending (?ms, ?B)
[2026-06-03T07:24:07.650Z] GET http://localhost:4011/project/list → 200 (282ms, 2B)
[2026-06-03T07:24:07.650Z] GET http://localhost:4011/get/ui_settings → 200 (106ms, 3363B)
[2026-06-03T07:24:07.650Z] GET http://localhost:4011/tag/list → 200 (282ms, 2B)
[2026-06-03T07:24:07.663Z] GET http://localhost:4011/models?include_model_access_groups=True → pending (?ms, ?B)
[2026-06-03T07:24:07.663Z] GET http://localhost:4011/v1/agents → 200 (255ms, 2B)
[2026-06-03T07:24:07.663Z] GET http://localhost:4011/v2/guardrails/list → 200 (297ms, ?B)
[2026-06-03T07:24:07.663Z] GET http://localhost:4011/policies/list → 200 (297ms, ?B)
[2026-06-03T07:24:07.663Z] GET http://localhost:4011/prompts/list → 200 (297ms, ?B)
[2026-06-03T07:24:07.663Z] GET http://localhost:4011/user/available_roles → 200 (297ms, ?B)
[2026-06-03T07:24:07.663Z] GET http://localhost:4011/models?include_model_access_groups=True&return_wildcard_routes=True → 200 (297ms, ?B)
[2026-06-03T07:24:07.673Z] GET http://localhost:4011/key/list?page=1&size=50&sort_by=created_at&sort_order=desc&expand=user&return_full_object=true&include_team_keys=true&include_created_by_keys=true → pending (?ms, ?B)
[2026-06-03T07:24:07.673Z] GET http://localhost:4011/team/list → pending (?ms, ?B)
[2026-06-03T07:24:07.673Z] GET http://localhost:4011/sso/get/ui_settings → 200 (205ms, 194B)
[2026-06-03T07:24:07.673Z] GET http://localhost:4011/team/list → 200 (259ms, ?B)
[2026-06-03T07:24:07.673Z] POST http://localhost:4011/v2/key/info → pending (?ms, ?B)
[2026-06-03T07:24:07.673Z] GET http://localhost:4011/models?include_model_access_groups=True → 200 (208ms, 452B)
[2026-06-03T07:24:07.674Z] GET http://localhost:4011/v2/team/list?page=1&page_size=100 → pending (?ms, ?B)
[2026-06-03T07:24:07.674Z] GET http://localhost:4011/organization/list → 200 (207ms, 2B)
[2026-06-03T07:24:07.674Z] GET http://localhost:4011/in_product_nudges → pending (?ms, ?B)
[2026-06-03T07:24:07.674Z] GET http://localhost:4011/get_image → 200 (311ms, ?B)
[2026-06-03T07:24:07.748Z] HEAD http://localhost:4011/ → pending (?ms, ?B)
[2026-06-03T07:24:08.033Z] GET http://localhost:4011/__next._tree.txt?_rsc=1r34m → 404 (43ms, 22B)
[2026-06-03T07:24:08.077Z] GET http://localhost:4011/v2/user/info?user_id=default_user_id → 200 (22ms, 309B)
[2026-06-03T07:24:08.100Z] GET http://localhost:4011/organization/list → 200 (43ms, 2B)
[2026-06-03T07:24:08.100Z] GET http://localhost:4011/models?include_model_access_groups=True → 200 (39ms, 452B)
[2026-06-03T07:24:48.274Z] GET http://localhost:4011/sso/key/generate → 200 (17ms, 7320B)
[2026-06-03T07:24:48.341Z] GET http://localhost:4011/ui/login.txt?redirect_to=http%3A%2F%2Flocalhost%3A4011%2Fui%2F%3Fpage%3Dapi-keys&_rsc=vusbg → 200 (16ms, ?B)
[2026-06-03T07:24:48.341Z] GET http://localhost:4011/ui/login.txt?redirect_to=http%3A%2F%2Flocalhost%3A4011%2Fui%2F%3Fpage%3Dapi-keys&_rsc=vusbg → 200 (16ms, ?B)
[2026-06-03T07:24:48.341Z] GET http://localhost:4011/ui/login.txt?redirect_to=http%3A%2F%2Flocalhost%3A4011%2Fui%2F%3Fpage%3Dapi-keys&_rsc=vusbg → 200 (16ms, ?B)
[2026-06-03T07:24:48.341Z] GET http://localhost:4011/ui/login.txt?redirect_to=http%3A%2F%2Flocalhost%3A4011%2Fui%2F%3Fpage%3Dapi-keys&_rsc=vusbg → 200 (16ms, ?B)
[2026-06-03T07:24:48.341Z] GET http://localhost:4011/ui/login.txt?redirect_to=http%3A%2F%2Flocalhost%3A4011%2Fui%2F%3Fpage%3Dapi-keys&_rsc=vusbg → 200 (16ms, ?B)
[2026-06-03T07:25:15.759Z] GET http://localhost:4011/ui/ → 200 (15ms, 25528B)
[2026-06-03T07:25:15.811Z] GET http://localhost:4011/litellm-asset-prefix/_next/static/media/83afe278b6a6bb3c-s.p.3a6ba036.woff2 → 304 (28ms, ?B)
[2026-06-03T07:25:15.811Z] GET http://localhost:4011/litellm-asset-prefix/_next/static/chunks/4e20891f2fd03463.css → 304 (29ms, ?B)
[2026-06-03T07:25:15.811Z] GET http://localhost:4011/litellm-asset-prefix/_next/static/chunks/ab7673a38cfdad77.css → 304 (30ms, ?B)
[2026-06-03T07:25:15.811Z] GET http://localhost:4011/litellm-asset-prefix/_next/static/chunks/3f3fa56b5786d58c.css → 304 (30ms, ?B)
[2026-06-03T07:25:15.811Z] GET http://localhost:4011/litellm-asset-prefix/_next/static/chunks/5489ec6b9761f819.js → 200 (47ms, 23008B)
[2026-06-03T07:25:15.811Z] GET http://localhost:4011/litellm-asset-prefix/_next/static/chunks/1300460219810c10.js → 200 (48ms, 41583B)
[2026-06-03T07:25:15.811Z] GET http://localhost:4011/litellm-asset-prefix/_next/static/chunks/e96398764f77c728.js → 200 (85ms, 110109B)
[2026-06-03T07:25:15.811Z] GET http://localhost:4011/litellm-asset-prefix/_next/static/chunks/726579f2940c2a2f.js → 200 (90ms, 224513B)
[2026-06-03T07:25:15.811Z] GET http://localhost:4011/litellm-asset-prefix/_next/static/chunks/turbopack-ddedb29a5eb0118f.js → 200 (51ms, 10254B)
[2026-06-03T07:25:15.811Z] GET http://localhost:4011/litellm-asset-prefix/_next/static/chunks/9e09de50158b3159.js → 200 (85ms, 12810B)
[2026-06-03T07:25:15.811Z] GET http://localhost:4011/litellm-asset-prefix/_next/static/chunks/7e5fe5584502da06.js → 200 (108ms, 185214B)
[2026-06-03T07:25:15.812Z] GET http://localhost:4011/litellm-asset-prefix/_next/static/chunks/d96012bcfc98706a.js → 200 (88ms, 283B)
[2026-06-03T07:25:15.812Z] GET http://localhost:4011/litellm-asset-prefix/_next/static/chunks/dbca964212122d58.js → 200 (89ms, 30772B)
[2026-06-03T07:25:15.812Z] GET http://localhost:4011/litellm-asset-prefix/_next/static/chunks/cd677ff381b90c30.js → 200 (84ms, 26406B)
[2026-06-03T07:25:15.812Z] GET http://localhost:4011/litellm-asset-prefix/_next/static/chunks/0e65540d910189ec.js → 200 (89ms, 27774B)
[2026-06-03T07:25:15.812Z] GET http://localhost:4011/litellm-asset-prefix/_next/static/chunks/0549bc9afa7d4888.js → 200 (90ms, 22419B)
[2026-06-03T07:25:15.812Z] GET http://localhost:4011/litellm-asset-prefix/_next/static/chunks/403c4d96324c23a6.js → 200 (106ms, 38751B)
[2026-06-03T07:25:15.812Z] GET http://localhost:4011/litellm-asset-prefix/_next/static/chunks/eaa469b758cdd75d.js → 200 (107ms, 35993B)
[2026-06-03T07:25:15.812Z] GET http://localhost:4011/litellm-asset-prefix/_next/static/chunks/c53c9c7afec96700.js → 200 (107ms, 39715B)
[2026-06-03T07:25:15.812Z] GET http://localhost:4011/litellm-asset-prefix/_next/static/chunks/1fe0596a309ad6cf.js → 200 (108ms, 33168B)
[2026-06-03T07:25:15.812Z] GET http://localhost:4011/litellm-asset-prefix/_next/static/chunks/c0b640cc12a2b90e.js → 200 (108ms, 30151B)
[2026-06-03T07:25:15.812Z] GET http://localhost:4011/litellm-asset-prefix/_next/static/chunks/ecce455f20a321a8.js → 200 (119ms, 41200B)
[2026-06-03T07:25:15.827Z] GET http://localhost:4011/litellm-asset-prefix/_next/static/chunks/1bc2898be56acd1b.js → 200 (93ms, 43435B)
[2026-06-03T07:25:15.828Z] GET http://localhost:4011/litellm-asset-prefix/_next/static/chunks/88c74f8b4b20d25a.js → 200 (92ms, 28696B)
[2026-06-03T07:25:15.828Z] GET http://localhost:4011/litellm-asset-prefix/_next/static/chunks/d29d6e2ed772cd40.js → 200 (138ms, 73391B)
[2026-06-03T07:25:15.828Z] GET http://localhost:4011/litellm-asset-prefix/_next/static/chunks/134f728fa7099e3e.js → 200 (137ms, 43734B)
[2026-06-03T07:25:15.828Z] GET http://localhost:4011/litellm-asset-prefix/_next/static/chunks/a09028cd611c08ef.js → 200 (104ms, 54155B)
[2026-06-03T07:25:15.828Z] GET http://localhost:4011/litellm-asset-prefix/_next/static/chunks/7b788dd93ad868b3.js → 200 (109ms, 26346B)
[2026-06-03T07:25:15.828Z] GET http://localhost:4011/litellm-asset-prefix/_next/static/chunks/b18c9c2cb04f232f.js → 200 (108ms, 125646B)
[2026-06-03T07:25:15.828Z] GET http://localhost:4011/litellm-asset-prefix/_next/static/chunks/47a838c67cdd745e.js → 304 (103ms, ?B)
[2026-06-03T07:25:15.828Z] GET http://localhost:4011/litellm-asset-prefix/_next/static/chunks/d3ac82723ec9e30d.js → 304 (109ms, ?B)
[2026-06-03T07:25:15.828Z] GET http://localhost:4011/litellm-asset-prefix/_next/static/chunks/0a240f3b9f7eb75f.js → 304 (108ms, ?B)
[2026-06-03T07:25:15.828Z] GET http://localhost:4011/litellm-asset-prefix/_next/static/chunks/89034a1473717ab9.js → 304 (112ms, ?B)
[2026-06-03T07:25:15.828Z] GET http://localhost:4011/litellm-asset-prefix/_next/static/chunks/e40bdf27db562169.js → 304 (144ms, ?B)
[2026-06-03T07:25:15.836Z] GET http://localhost:4011/litellm-asset-prefix/_next/static/chunks/3b30ab8eaa03bc21.js → 304 (137ms, ?B)
[2026-06-03T07:25:15.837Z] GET http://localhost:4011/litellm-asset-prefix/_next/static/chunks/e1f23fd814ac3500.js → 304 (136ms, ?B)
[2026-06-03T07:25:15.837Z] GET http://localhost:4011/litellm-asset-prefix/_next/static/chunks/60d899dd52430ef8.js → 304 (137ms, ?B)
[2026-06-03T07:25:15.837Z] GET http://localhost:4011/litellm-asset-prefix/_next/static/chunks/62b240881d1b6a32.js → 304 (136ms, ?B)
[2026-06-03T07:25:15.837Z] GET http://localhost:4011/litellm-asset-prefix/_next/static/chunks/3a50c1cde5b4e762.js → 304 (136ms, ?B)
[2026-06-03T07:25:15.837Z] GET http://localhost:4011/litellm-asset-prefix/_next/static/chunks/ddcd1fd842a79e55.js → 304 (136ms, ?B)
[2026-06-03T07:25:15.837Z] GET http://localhost:4011/litellm-asset-prefix/_next/static/chunks/7e417dd24c8becd0.js → 304 (137ms, ?B)
[2026-06-03T07:25:15.837Z] GET http://localhost:4011/litellm-asset-prefix/_next/static/chunks/4da3a9cfe4fd184c.js → 304 (137ms, ?B)
[2026-06-03T07:25:15.837Z] GET http://localhost:4011/litellm-asset-prefix/_next/static/chunks/08c0504a8b40be58.js → 304 (136ms, ?B)
[2026-06-03T07:25:15.837Z] GET http://localhost:4011/litellm-asset-prefix/_next/static/chunks/f4d1949f60a5a018.js → 304 (137ms, ?B)
[2026-06-03T07:25:15.837Z] GET http://localhost:4011/litellm-asset-prefix/_next/static/chunks/496b84010c33cf69.js → 304 (137ms, ?B)
[2026-06-03T07:25:15.837Z] GET http://localhost:4011/litellm-asset-prefix/_next/static/chunks/ca5fbafaf3826374.js → 304 (164ms, ?B)
[2026-06-03T07:25:15.838Z] GET http://localhost:4011/litellm-asset-prefix/_next/static/chunks/fcdf7322b0aa3e2e.js → 304 (163ms, ?B)
[2026-06-03T07:25:15.838Z] GET http://localhost:4011/litellm-asset-prefix/_next/static/chunks/2f8533eeba82cab7.js → 304 (155ms, ?B)
[2026-06-03T07:25:15.838Z] GET http://localhost:4011/litellm-asset-prefix/_next/static/chunks/f2da1c30c106cf05.js → 304 (165ms, ?B)
[2026-06-03T07:25:15.838Z] GET http://localhost:4011/litellm-asset-prefix/_next/static/chunks/0a65da2cd24e2ab6.js → 304 (163ms, ?B)
[2026-06-03T07:25:15.838Z] GET http://localhost:4011/litellm-asset-prefix/_next/static/chunks/4980372eaa37b78b.js → 304 (162ms, ?B)
[2026-06-03T07:25:15.838Z] GET http://localhost:4011/litellm-asset-prefix/_next/static/chunks/341e7c75250f4f40.js → 304 (164ms, ?B)
[2026-06-03T07:25:15.838Z] GET http://localhost:4011/litellm-asset-prefix/_next/static/chunks/908828a91f602d8b.js → 304 (167ms, ?B)
[2026-06-03T07:25:15.838Z] GET http://localhost:4011/litellm-asset-prefix/_next/static/chunks/2971c4658f1bcd7d.js → 304 (167ms, ?B)
[2026-06-03T07:25:15.838Z] GET http://localhost:4011/litellm-asset-prefix/_next/static/chunks/ca91b0fa4d619698.js → 304 (166ms, ?B)
[2026-06-03T07:25:15.838Z] GET http://localhost:4011/litellm-asset-prefix/_next/static/chunks/7149faf92f484aca.js → 304 (166ms, ?B)
[2026-06-03T07:25:15.838Z] GET http://localhost:4011/litellm-asset-prefix/_next/static/chunks/eaa9f9b9bb3e054b.js → 304 (166ms, ?B)
[2026-06-03T07:25:15.838Z] GET http://localhost:4011/litellm-asset-prefix/_next/static/chunks/f9c24d6e7ec43046.js → 304 (167ms, ?B)
[2026-06-03T07:25:15.838Z] GET http://localhost:4011/litellm-asset-prefix/_next/static/chunks/7c797521435cb59c.js → 304 (204ms, ?B)
[2026-06-03T07:25:15.839Z] GET http://localhost:4011/litellm-asset-prefix/_next/static/chunks/ac92164b24de092b.js → 304 (210ms, ?B)
[2026-06-03T07:25:15.839Z] GET http://localhost:4011/litellm-asset-prefix/_next/static/chunks/99cf9cf99df5ccfc.js → 304 (204ms, ?B)
[2026-06-03T07:25:15.839Z] GET http://localhost:4011/litellm-asset-prefix/_next/static/chunks/3bddc72a3ecc2253.js → 304 (209ms, ?B)
[2026-06-03T07:25:15.839Z] GET http://localhost:4011/litellm-asset-prefix/_next/static/chunks/3daef8922b68e600.js → 304 (204ms, ?B)
[2026-06-03T07:25:16.359Z] GET http://localhost:4011/litellm/.well-known/litellm-ui-config → 200 (1ms, ?B)
[2026-06-03T07:25:16.366Z] GET http://localhost:4011/ui/login?redirect_to=http%3A%2F%2Flocalhost%3A4011%2Fui%2F → 307 (9ms, ?B)
[2026-06-03T07:25:16.376Z] GET http://localhost:4011/ui/login/?redirect_to=http%3A%2F%2Flocalhost%3A4011%2Fui%2F → 200 (2ms, 11621B)
[2026-06-03T07:25:16.415Z] GET http://localhost:4011/litellm-asset-prefix/_next/static/media/83afe278b6a6bb3c-s.p.3a6ba036.woff2 → 200 (20ms, 48432B)
[2026-06-03T07:25:16.415Z] GET http://localhost:4011/litellm-asset-prefix/_next/static/chunks/4e20891f2fd03463.css → 200 (?ms, 1996B)
[2026-06-03T07:25:16.416Z] GET http://localhost:4011/litellm-asset-prefix/_next/static/chunks/ab7673a38cfdad77.css → 200 (?ms, 471755B)
[2026-06-03T07:25:16.416Z] GET http://localhost:4011/litellm-asset-prefix/_next/static/chunks/5489ec6b9761f819.js → 200 (?ms, 23008B)
[2026-06-03T07:25:16.417Z] GET http://localhost:4011/litellm-asset-prefix/_next/static/chunks/1300460219810c10.js → 200 (?ms, 41583B)
[2026-06-03T07:25:16.417Z] GET http://localhost:4011/litellm-asset-prefix/_next/static/chunks/e96398764f77c728.js → 200 (?ms, 110109B)
[2026-06-03T07:25:16.417Z] GET http://localhost:4011/litellm-asset-prefix/_next/static/chunks/726579f2940c2a2f.js → 200 (1ms, 224513B)
[2026-06-03T07:25:16.418Z] GET http://localhost:4011/litellm-asset-prefix/_next/static/chunks/turbopack-ddedb29a5eb0118f.js → 200 (?ms, 10254B)
[2026-06-03T07:25:16.418Z] GET http://localhost:4011/litellm-asset-prefix/_next/static/chunks/9e09de50158b3159.js → 200 (?ms, 12810B)
[2026-06-03T07:25:16.418Z] GET http://localhost:4011/litellm-asset-prefix/_next/static/chunks/7e5fe5584502da06.js → 200 (?ms, 185214B)
[2026-06-03T07:25:16.419Z] GET http://localhost:4011/litellm-asset-prefix/_next/static/chunks/d96012bcfc98706a.js → 200 (?ms, 283B)
[2026-06-03T07:25:16.419Z] GET http://localhost:4011/litellm-asset-prefix/_next/static/chunks/dbca964212122d58.js → 200 (?ms, 30772B)
[2026-06-03T07:25:16.419Z] GET http://localhost:4011/litellm-asset-prefix/_next/static/chunks/6392214b899e5c07.js → 200 (18ms, 16555B)
[2026-06-03T07:25:16.421Z] GET http://localhost:4011/litellm-asset-prefix/_next/static/chunks/a1ef280b7ad5ae6a.js → 200 (17ms, 38257B)
[2026-06-03T07:25:16.421Z] GET http://localhost:4011/litellm-asset-prefix/_next/static/chunks/0a6c418370a8c183.js → 200 (17ms, 22346B)
[2026-06-03T07:25:16.421Z] GET http://localhost:4011/litellm-asset-prefix/_next/static/chunks/570b2e10aa856e54.js → 200 (17ms, 28696B)
[2026-06-03T07:25:16.421Z] GET http://localhost:4011/litellm-asset-prefix/_next/static/chunks/6a0fd05cc4ab959b.js → 200 (99ms, 551122B)
[2026-06-03T07:25:16.421Z] GET http://localhost:4011/litellm-asset-prefix/_next/static/chunks/fcad393dcc862a21.js → 200 (17ms, 39519B)
[2026-06-03T07:25:16.421Z] GET http://localhost:4011/litellm-asset-prefix/_next/static/chunks/7b788dd93ad868b3.js → 200 (?ms, 26346B)
[2026-06-03T07:25:16.525Z] GET http://localhost:4011/litellm/.well-known/litellm-ui-config → 200 (101ms, 161B)
[2026-06-03T07:25:30.609Z] POST http://localhost:4011/v2/login → 200 (105ms, 509B)
[2026-06-03T07:25:30.722Z] GET http://localhost:4011/ui/index.txt?_rsc=5c339 → 200 (32ms, ?B)
[2026-06-03T07:25:30.794Z] GET http://localhost:4011/litellm-asset-prefix/_next/static/chunks/cd677ff381b90c30.js → 200 (51ms, ?B)
[2026-06-03T07:25:30.794Z] GET http://localhost:4011/litellm-asset-prefix/_next/static/chunks/0e65540d910189ec.js → 200 (51ms, ?B)
[2026-06-03T07:25:30.794Z] GET http://localhost:4011/litellm-asset-prefix/_next/static/chunks/0549bc9afa7d4888.js → 200 (51ms, ?B)
[2026-06-03T07:25:30.794Z] GET http://localhost:4011/litellm-asset-prefix/_next/static/chunks/403c4d96324c23a6.js → 200 (51ms, ?B)
[2026-06-03T07:25:30.794Z] GET http://localhost:4011/litellm-asset-prefix/_next/static/chunks/eaa469b758cdd75d.js → 200 (63ms, ?B)
[2026-06-03T07:25:30.794Z] GET http://localhost:4011/litellm-asset-prefix/_next/static/chunks/c53c9c7afec96700.js → 200 (51ms, ?B)
[2026-06-03T07:25:30.817Z] GET http://localhost:4011/litellm-asset-prefix/_next/static/chunks/1fe0596a309ad6cf.js → 200 (40ms, ?B)
[2026-06-03T07:25:30.817Z] GET http://localhost:4011/litellm-asset-prefix/_next/static/chunks/c0b640cc12a2b90e.js → 200 (41ms, ?B)
[2026-06-03T07:25:30.817Z] GET http://localhost:4011/litellm-asset-prefix/_next/static/chunks/ecce455f20a321a8.js → 200 (41ms, ?B)
[2026-06-03T07:25:30.817Z] GET http://localhost:4011/litellm-asset-prefix/_next/static/chunks/1bc2898be56acd1b.js → 200 (41ms, ?B)
[2026-06-03T07:25:30.817Z] GET http://localhost:4011/litellm-asset-prefix/_next/static/chunks/88c74f8b4b20d25a.js → 200 (42ms, ?B)
[2026-06-03T07:25:30.817Z] GET http://localhost:4011/litellm-asset-prefix/_next/static/chunks/d29d6e2ed772cd40.js → 200 (60ms, ?B)
[2026-06-03T07:25:30.817Z] GET http://localhost:4011/litellm-asset-prefix/_next/static/chunks/134f728fa7099e3e.js → 200 (42ms, ?B)
[2026-06-03T07:25:30.817Z] GET http://localhost:4011/litellm-asset-prefix/_next/static/chunks/a09028cd611c08ef.js → 200 (58ms, ?B)
[2026-06-03T07:25:30.817Z] GET http://localhost:4011/litellm-asset-prefix/_next/static/chunks/b18c9c2cb04f232f.js → 200 (58ms, ?B)
[2026-06-03T07:25:30.817Z] GET http://localhost:4011/litellm-asset-prefix/_next/static/chunks/47a838c67cdd745e.js → 200 (61ms, ?B)
[2026-06-03T07:25:30.817Z] GET http://localhost:4011/litellm-asset-prefix/_next/static/chunks/d3ac82723ec9e30d.js → 200 (59ms, ?B)
[2026-06-03T07:25:30.817Z] GET http://localhost:4011/litellm-asset-prefix/_next/static/chunks/0a240f3b9f7eb75f.js → 200 (60ms, ?B)
[2026-06-03T07:25:30.817Z] GET http://localhost:4011/litellm-asset-prefix/_next/static/chunks/89034a1473717ab9.js → 200 (60ms, ?B)
[2026-06-03T07:25:30.817Z] GET http://localhost:4011/litellm-asset-prefix/_next/static/chunks/e40bdf27db562169.js → 200 (60ms, ?B)
[2026-06-03T07:25:30.817Z] GET http://localhost:4011/litellm-asset-prefix/_next/static/chunks/3b30ab8eaa03bc21.js → 200 (61ms, ?B)
[2026-06-03T07:25:30.817Z] GET http://localhost:4011/litellm-asset-prefix/_next/static/chunks/e1f23fd814ac3500.js → 200 (61ms, ?B)
[2026-06-03T07:25:30.817Z] GET http://localhost:4011/litellm-asset-prefix/_next/static/chunks/60d899dd52430ef8.js → 200 (61ms, ?B)
[2026-06-03T07:25:30.817Z] GET http://localhost:4011/litellm-asset-prefix/_next/static/chunks/62b240881d1b6a32.js → 200 (61ms, ?B)
[2026-06-03T07:25:30.817Z] GET http://localhost:4011/litellm-asset-prefix/_next/static/chunks/3a50c1cde5b4e762.js → 200 (62ms, ?B)
[2026-06-03T07:25:30.817Z] GET http://localhost:4011/litellm-asset-prefix/_next/static/chunks/ddcd1fd842a79e55.js → 200 (61ms, ?B)
[2026-06-03T07:25:30.817Z] GET http://localhost:4011/litellm-asset-prefix/_next/static/chunks/7e417dd24c8becd0.js → 200 (1ms, ?B)
[2026-06-03T07:25:30.818Z] GET http://localhost:4011/litellm-asset-prefix/_next/static/chunks/4da3a9cfe4fd184c.js → 200 (?ms, ?B)
[2026-06-03T07:25:30.818Z] GET http://localhost:4011/litellm-asset-prefix/_next/static/chunks/08c0504a8b40be58.js → 200 (71ms, ?B)
[2026-06-03T07:25:30.818Z] GET http://localhost:4011/litellm-asset-prefix/_next/static/chunks/f4d1949f60a5a018.js → 200 (?ms, ?B)
[2026-06-03T07:25:30.819Z] GET http://localhost:4011/litellm-asset-prefix/_next/static/chunks/496b84010c33cf69.js → 200 (?ms, ?B)
[2026-06-03T07:25:30.819Z] GET http://localhost:4011/litellm-asset-prefix/_next/static/chunks/ca5fbafaf3826374.js → 200 (?ms, ?B)
[2026-06-03T07:25:30.819Z] GET http://localhost:4011/litellm-asset-prefix/_next/static/chunks/fcdf7322b0aa3e2e.js → 200 (?ms, ?B)
[2026-06-03T07:25:30.819Z] GET http://localhost:4011/litellm-asset-prefix/_next/static/chunks/2f8533eeba82cab7.js → 200 (?ms, ?B)
[2026-06-03T07:25:30.819Z] GET http://localhost:4011/litellm-asset-prefix/_next/static/chunks/f2da1c30c106cf05.js → 200 (?ms, ?B)
[2026-06-03T07:25:30.837Z] GET http://localhost:4011/litellm-asset-prefix/_next/static/chunks/0a65da2cd24e2ab6.js → 200 (?ms, ?B)
[2026-06-03T07:25:30.837Z] GET http://localhost:4011/litellm-asset-prefix/_next/static/chunks/4980372eaa37b78b.js → 200 (4ms, ?B)
[2026-06-03T07:25:30.841Z] GET http://localhost:4011/litellm-asset-prefix/_next/static/chunks/341e7c75250f4f40.js → 200 (?ms, ?B)
[2026-06-03T07:25:30.842Z] GET http://localhost:4011/litellm-asset-prefix/_next/static/chunks/908828a91f602d8b.js → 200 (?ms, ?B)
[2026-06-03T07:25:30.842Z] GET http://localhost:4011/litellm-asset-prefix/_next/static/chunks/2971c4658f1bcd7d.js → 200 (?ms, ?B)
[2026-06-03T07:25:30.842Z] GET http://localhost:4011/litellm-asset-prefix/_next/static/chunks/ca91b0fa4d619698.js → 200 (?ms, ?B)
[2026-06-03T07:25:30.842Z] GET http://localhost:4011/litellm-asset-prefix/_next/static/chunks/7149faf92f484aca.js → 200 (?ms, ?B)
[2026-06-03T07:25:30.843Z] GET http://localhost:4011/litellm-asset-prefix/_next/static/chunks/eaa9f9b9bb3e054b.js → 200 (?ms, ?B)
[2026-06-03T07:25:30.843Z] GET http://localhost:4011/litellm-asset-prefix/_next/static/chunks/f9c24d6e7ec43046.js → 200 (1ms, ?B)
[2026-06-03T07:25:30.844Z] GET http://localhost:4011/litellm-asset-prefix/_next/static/chunks/7c797521435cb59c.js → 200 (?ms, ?B)
[2026-06-03T07:25:30.844Z] GET http://localhost:4011/litellm-asset-prefix/_next/static/chunks/ac92164b24de092b.js → 200 (?ms, ?B)
[2026-06-03T07:25:30.844Z] GET http://localhost:4011/litellm-asset-prefix/_next/static/chunks/99cf9cf99df5ccfc.js → 200 (?ms, ?B)
[2026-06-03T07:25:30.844Z] GET http://localhost:4011/litellm-asset-prefix/_next/static/chunks/3bddc72a3ecc2253.js → 200 (?ms, ?B)
[2026-06-03T07:25:30.844Z] GET http://localhost:4011/litellm-asset-prefix/_next/static/chunks/3daef8922b68e600.js → 200 (?ms, ?B)
[2026-06-03T07:25:30.845Z] GET http://localhost:4011/litellm-asset-prefix/_next/static/chunks/3f3fa56b5786d58c.css → 200 (?ms, ?B)
[2026-06-03T07:25:31.793Z] GET http://localhost:4011/litellm/.well-known/litellm-ui-config → 200 (23ms, ?B)
[2026-06-03T07:25:32.140Z] GET http://localhost:4011/public/litellm_blog_posts → 200 (62ms, 353B)
[2026-06-03T07:25:32.140Z] GET http://localhost:4011/health/readiness → 200 (62ms, 290B)
[2026-06-03T07:25:32.140Z] GET http://localhost:4011/user/available_users → 200 (69ms, 139B)
[2026-06-03T07:25:32.140Z] GET http://localhost:4011/health/license → 200 (64ms, 138B)
[2026-06-03T07:25:32.140Z] GET http://localhost:4011/organization/list → 200 (188ms, 2B)
[2026-06-03T07:25:32.140Z] GET http://localhost:4011/team/list → 200 (208ms, 2B)
[2026-06-03T07:25:32.141Z] GET http://localhost:4011/get/ui_settings → 200 (68ms, 3363B)
[2026-06-03T07:25:32.141Z] GET http://localhost:4011/get/ui_theme_settings → 200 (63ms, 391B)
[2026-06-03T07:25:32.155Z] GET http://localhost:4011/sso/get/ui_settings → 200 (173ms, 194B)
[2026-06-03T07:25:32.155Z] GET http://localhost:4011/project/list → 200 (55ms, 2B)
[2026-06-03T07:25:32.155Z] GET http://localhost:4011/get/ui_settings → 200 (47ms, 3363B)
[2026-06-03T07:25:32.155Z] GET http://localhost:4011/tag/list → 200 (61ms, 2B)
[2026-06-03T07:25:32.155Z] GET http://localhost:4011/models?include_model_access_groups=True → 200 (173ms, 452B)
[2026-06-03T07:25:32.155Z] GET http://localhost:4011/v1/agents → 200 (62ms, 2B)
[2026-06-03T07:25:32.156Z] GET http://localhost:4011/v2/guardrails/list → 200 (125ms, 17B)
[2026-06-03T07:25:32.156Z] GET http://localhost:4011/policies/list → 200 (171ms, 31B)
[2026-06-03T07:25:32.166Z] GET http://localhost:4011/prompts/list → 200 (161ms, 14B)
[2026-06-03T07:25:32.172Z] GET http://localhost:4011/user/available_roles → 200 (155ms, 476B)
[2026-06-03T07:25:32.173Z] GET http://localhost:4011/models?include_model_access_groups=True&return_wildcard_routes=True → 200 (152ms, 452B)
[2026-06-03T07:25:32.173Z] GET http://localhost:4011/key/list?page=1&size=50&sort_by=created_at&sort_order=desc&expand=user&return_full_object=true&include_team_keys=true&include_created_by_keys=true → 200 (154ms, 60B)
[2026-06-03T07:25:32.173Z] GET http://localhost:4011/team/list → 200 (155ms, 2B)
[2026-06-03T07:25:32.173Z] GET http://localhost:4011/sso/get/ui_settings → 200 (36ms, 194B)
[2026-06-03T07:25:32.173Z] GET http://localhost:4011/team/list → 200 (36ms, 2B)
[2026-06-03T07:25:32.173Z] POST http://localhost:4011/v2/key/info → 200 (154ms, 1112B)
[2026-06-03T07:25:32.185Z] GET http://localhost:4011/models?include_model_access_groups=True → 200 (27ms, 452B)
[2026-06-03T07:25:32.201Z] GET http://localhost:4011/v2/team/list?page=1&page_size=100 → 200 (127ms, 63B)
[2026-06-03T07:25:32.201Z] GET http://localhost:4011/organization/list → 200 (3ms, 2B)
[2026-06-03T07:25:32.201Z] GET http://localhost:4011/in_product_nudges → 200 (126ms, 32B)
[2026-06-03T07:25:32.201Z] GET http://localhost:4011/get_image → 200 (?ms, 24694B)
[2026-06-03T07:25:32.209Z] HEAD http://localhost:4011/ → 200 (118ms, ?B)
[2026-06-03T07:25:32.327Z] GET http://localhost:4011/__next._tree.txt?_rsc=1r34m → 404 (20ms, 22B)
[2026-06-03T07:25:32.351Z] GET http://localhost:4011/v2/user/info?user_id=default_user_id → 200 (37ms, 309B)
[2026-06-03T07:25:32.351Z] GET http://localhost:4011/organization/list → 200 (37ms, 2B)
[2026-06-03T07:25:32.412Z] GET http://localhost:4011/models?include_model_access_groups=True → 200 (27ms, 452B)
[2026-06-03T07:26:00.820Z] GET http://localhost:4011/ui/?page=teams → 200 (2ms, 25528B)
[2026-06-03T07:26:00.879Z] GET http://localhost:4011/litellm-asset-prefix/_next/static/media/83afe278b6a6bb3c-s.p.3a6ba036.woff2 → 200 (12ms, 48432B)
[2026-06-03T07:26:00.879Z] GET http://localhost:4011/litellm-asset-prefix/_next/static/chunks/4e20891f2fd03463.css → 304 (9ms, ?B)
[2026-06-03T07:26:00.879Z] GET http://localhost:4011/litellm-asset-prefix/_next/static/chunks/ab7673a38cfdad77.css → 304 (10ms, ?B)
[2026-06-03T07:26:00.879Z] GET http://localhost:4011/litellm-asset-prefix/_next/static/chunks/3f3fa56b5786d58c.css → 304 (5ms, ?B)
[2026-06-03T07:26:00.879Z] GET http://localhost:4011/litellm-asset-prefix/_next/static/chunks/5489ec6b9761f819.js → 200 (40ms, 23008B)
[2026-06-03T07:26:00.879Z] GET http://localhost:4011/litellm-asset-prefix/_next/static/chunks/1300460219810c10.js → 200 (42ms, 41583B)
[2026-06-03T07:26:00.880Z] GET http://localhost:4011/litellm-asset-prefix/_next/static/chunks/e96398764f77c728.js → 200 (41ms, 110109B)
[2026-06-03T07:26:00.880Z] GET http://localhost:4011/litellm-asset-prefix/_next/static/chunks/726579f2940c2a2f.js → 200 (101ms, 224513B)
[2026-06-03T07:26:00.880Z] GET http://localhost:4011/litellm-asset-prefix/_next/static/chunks/turbopack-ddedb29a5eb0118f.js → 200 (41ms, 10254B)
[2026-06-03T07:26:00.880Z] GET http://localhost:4011/litellm-asset-prefix/_next/static/chunks/9e09de50158b3159.js → 200 (41ms, 12810B)
[2026-06-03T07:26:00.880Z] GET http://localhost:4011/litellm-asset-prefix/_next/static/chunks/7e5fe5584502da06.js → 200 (102ms, 185214B)
[2026-06-03T07:26:00.880Z] GET http://localhost:4011/litellm-asset-prefix/_next/static/chunks/d96012bcfc98706a.js → 200 (67ms, 283B)
[2026-06-03T07:26:00.880Z] GET http://localhost:4011/litellm-asset-prefix/_next/static/chunks/dbca964212122d58.js → 200 (101ms, 30772B)
[2026-06-03T07:26:00.880Z] GET http://localhost:4011/litellm-asset-prefix/_next/static/chunks/cd677ff381b90c30.js → 200 (67ms, 26406B)
[2026-06-03T07:26:00.880Z] GET http://localhost:4011/litellm-asset-prefix/_next/static/chunks/0e65540d910189ec.js → 200 (101ms, 27774B)
[2026-06-03T07:26:00.880Z] GET http://localhost:4011/litellm-asset-prefix/_next/static/chunks/0549bc9afa7d4888.js → 200 (101ms, 22419B)
[2026-06-03T07:26:00.880Z] GET http://localhost:4011/litellm-asset-prefix/_next/static/chunks/403c4d96324c23a6.js → 200 (102ms, 38751B)
[2026-06-03T07:26:00.880Z] GET http://localhost:4011/litellm-asset-prefix/_next/static/chunks/eaa469b758cdd75d.js → 200 (102ms, 35993B)
[2026-06-03T07:26:00.880Z] GET http://localhost:4011/litellm-asset-prefix/_next/static/chunks/c53c9c7afec96700.js → 200 (107ms, 39715B)
[2026-06-03T07:26:00.880Z] GET http://localhost:4011/litellm-asset-prefix/_next/static/chunks/1fe0596a309ad6cf.js → 200 (102ms, 33168B)
[2026-06-03T07:26:00.880Z] GET http://localhost:4011/litellm-asset-prefix/_next/static/chunks/c0b640cc12a2b90e.js → 200 (107ms, 30151B)
[2026-06-03T07:26:00.880Z] GET http://localhost:4011/litellm-asset-prefix/_next/static/chunks/ecce455f20a321a8.js → 200 (106ms, 41200B)
[2026-06-03T07:26:00.881Z] GET http://localhost:4011/litellm-asset-prefix/_next/static/chunks/1bc2898be56acd1b.js → 200 (107ms, 43435B)
[2026-06-03T07:26:00.881Z] GET http://localhost:4011/litellm-asset-prefix/_next/static/chunks/88c74f8b4b20d25a.js → 200 (107ms, 28696B)
[2026-06-03T07:26:00.881Z] GET http://localhost:4011/litellm-asset-prefix/_next/static/chunks/d29d6e2ed772cd40.js → 200 (107ms, 73391B)
[2026-06-03T07:26:00.881Z] GET http://localhost:4011/litellm-asset-prefix/_next/static/chunks/134f728fa7099e3e.js → 200 (128ms, 43734B)
[2026-06-03T07:26:00.881Z] GET http://localhost:4011/litellm-asset-prefix/_next/static/chunks/a09028cd611c08ef.js → 200 (166ms, ?B)
[2026-06-03T07:26:00.881Z] GET http://localhost:4011/litellm-asset-prefix/_next/static/chunks/7b788dd93ad868b3.js → 200 (157ms, 26346B)
[2026-06-03T07:26:00.881Z] GET http://localhost:4011/litellm-asset-prefix/_next/static/chunks/b18c9c2cb04f232f.js → 200 (165ms, 125646B)
[2026-06-03T07:26:00.881Z] GET http://localhost:4011/litellm-asset-prefix/_next/static/chunks/47a838c67cdd745e.js → 304 (107ms, ?B)
[2026-06-03T07:26:00.881Z] GET http://localhost:4011/litellm-asset-prefix/_next/static/chunks/d3ac82723ec9e30d.js → 304 (107ms, ?B)
[2026-06-03T07:26:00.881Z] GET http://localhost:4011/litellm-asset-prefix/_next/static/chunks/0a240f3b9f7eb75f.js → 304 (128ms, ?B)
[2026-06-03T07:26:00.881Z] GET http://localhost:4011/litellm-asset-prefix/_next/static/chunks/89034a1473717ab9.js → 304 (173ms, ?B)
[2026-06-03T07:26:00.881Z] GET http://localhost:4011/litellm-asset-prefix/_next/static/chunks/e40bdf27db562169.js → 304 (166ms, ?B)
[2026-06-03T07:26:00.881Z] GET http://localhost:4011/litellm-asset-prefix/_next/static/chunks/3b30ab8eaa03bc21.js → 304 (166ms, ?B)
[2026-06-03T07:26:00.881Z] GET http://localhost:4011/litellm-asset-prefix/_next/static/chunks/e1f23fd814ac3500.js → 304 (166ms, ?B)
[2026-06-03T07:26:00.881Z] GET http://localhost:4011/litellm-asset-prefix/_next/static/chunks/60d899dd52430ef8.js → 304 (166ms, ?B)
[2026-06-03T07:26:00.881Z] GET http://localhost:4011/litellm-asset-prefix/_next/static/chunks/62b240881d1b6a32.js → 304 (166ms, ?B)
[2026-06-03T07:26:00.882Z] GET http://localhost:4011/litellm-asset-prefix/_next/static/chunks/3a50c1cde5b4e762.js → 304 (172ms, ?B)
[2026-06-03T07:26:00.882Z] GET http://localhost:4011/litellm-asset-prefix/_next/static/chunks/ddcd1fd842a79e55.js → 304 (172ms, ?B)
[2026-06-03T07:26:00.882Z] GET http://localhost:4011/litellm-asset-prefix/_next/static/chunks/7e417dd24c8becd0.js → 304 (185ms, ?B)
[2026-06-03T07:26:00.882Z] GET http://localhost:4011/litellm-asset-prefix/_next/static/chunks/4da3a9cfe4fd184c.js → 304 (185ms, ?B)
[2026-06-03T07:26:00.882Z] GET http://localhost:4011/litellm-asset-prefix/_next/static/chunks/08c0504a8b40be58.js → 304 (185ms, ?B)
[2026-06-03T07:26:00.882Z] GET http://localhost:4011/litellm-asset-prefix/_next/static/chunks/f4d1949f60a5a018.js → 304 (201ms, ?B)
[2026-06-03T07:26:00.882Z] GET http://localhost:4011/litellm-asset-prefix/_next/static/chunks/496b84010c33cf69.js → 304 (200ms, ?B)
[2026-06-03T07:26:00.882Z] GET http://localhost:4011/litellm-asset-prefix/_next/static/chunks/ca5fbafaf3826374.js → 304 (201ms, ?B)
[2026-06-03T07:26:00.882Z] GET http://localhost:4011/litellm-asset-prefix/_next/static/chunks/fcdf7322b0aa3e2e.js → 304 (199ms, ?B)
[2026-06-03T07:26:00.882Z] GET http://localhost:4011/litellm-asset-prefix/_next/static/chunks/2f8533eeba82cab7.js → 304 (200ms, ?B)
[2026-06-03T07:26:00.882Z] GET http://localhost:4011/litellm-asset-prefix/_next/static/chunks/f2da1c30c106cf05.js → 304 (199ms, ?B)
[2026-06-03T07:26:00.882Z] GET http://localhost:4011/litellm-asset-prefix/_next/static/chunks/0a65da2cd24e2ab6.js → 304 (209ms, ?B)
[2026-06-03T07:26:00.882Z] GET http://localhost:4011/litellm-asset-prefix/_next/static/chunks/4980372eaa37b78b.js → 304 (210ms, ?B)
[2026-06-03T07:26:00.882Z] GET http://localhost:4011/litellm-asset-prefix/_next/static/chunks/341e7c75250f4f40.js → 304 (211ms, ?B)
[2026-06-03T07:26:00.882Z] GET http://localhost:4011/litellm-asset-prefix/_next/static/chunks/908828a91f602d8b.js → 304 (211ms, ?B)
[2026-06-03T07:26:00.882Z] GET http://localhost:4011/litellm-asset-prefix/_next/static/chunks/2971c4658f1bcd7d.js → 304 (211ms, ?B)
[2026-06-03T07:26:00.882Z] GET http://localhost:4011/litellm-asset-prefix/_next/static/chunks/ca91b0fa4d619698.js → 304 (210ms, ?B)
[2026-06-03T07:26:00.882Z] GET http://localhost:4011/litellm-asset-prefix/_next/static/chunks/7149faf92f484aca.js → 304 (211ms, ?B)
[2026-06-03T07:26:00.882Z] GET http://localhost:4011/litellm-asset-prefix/_next/static/chunks/eaa9f9b9bb3e054b.js → 304 (211ms, ?B)
[2026-06-03T07:26:00.883Z] GET http://localhost:4011/litellm-asset-prefix/_next/static/chunks/f9c24d6e7ec43046.js → pending (?ms, ?B)
[2026-06-03T07:26:00.883Z] GET http://localhost:4011/litellm-asset-prefix/_next/static/chunks/7c797521435cb59c.js → pending (?ms, ?B)
[2026-06-03T07:26:00.883Z] GET http://localhost:4011/litellm-asset-prefix/_next/static/chunks/ac92164b24de092b.js → 304 (212ms, ?B)
[2026-06-03T07:26:00.883Z] GET http://localhost:4011/litellm-asset-prefix/_next/static/chunks/99cf9cf99df5ccfc.js → pending (?ms, ?B)
[2026-06-03T07:26:00.883Z] GET http://localhost:4011/litellm-asset-prefix/_next/static/chunks/3bddc72a3ecc2253.js → pending (?ms, ?B)
[2026-06-03T07:26:00.883Z] GET http://localhost:4011/litellm-asset-prefix/_next/static/chunks/3daef8922b68e600.js → pending (?ms, ?B)
[2026-06-03T07:26:01.653Z] GET http://localhost:4011/litellm/.well-known/litellm-ui-config → 200 (?ms, ?B)
[2026-06-03T07:26:02.027Z] GET http://localhost:4011/get_image → 200 (?ms, ?B)
[2026-06-03T07:26:02.038Z] GET http://localhost:4011/litellm/.well-known/litellm-ui-config → 200 (30ms, 161B)
[2026-06-03T07:26:02.040Z] GET http://localhost:4011/public/litellm_blog_posts → 200 (28ms, ?B)
[2026-06-03T07:26:02.040Z] GET http://localhost:4011/health/readiness → 200 (28ms, ?B)
[2026-06-03T07:26:02.040Z] GET http://localhost:4011/user/available_users → 200 (30ms, ?B)
[2026-06-03T07:26:02.040Z] GET http://localhost:4011/health/license → 200 (28ms, ?B)
[2026-06-03T07:26:02.040Z] GET http://localhost:4011/organization/list → pending (?ms, ?B)
[2026-06-03T07:26:02.046Z] GET http://localhost:4011/team/list → 200 (24ms, ?B)
[2026-06-03T07:26:02.046Z] GET http://localhost:4011/get/ui_settings → 200 (22ms, ?B)
[2026-06-03T07:26:02.046Z] GET http://localhost:4011/get/ui_theme_settings → 200 (22ms, ?B)
[2026-06-03T07:26:02.046Z] GET http://localhost:4011/sso/get/ui_settings → 200 (28ms, ?B)
[2026-06-03T07:26:02.046Z] GET http://localhost:4011/v2/team/list?page=1&page_size=10&sort_by=created_at&sort_order=desc → 200 (28ms, ?B)
[2026-06-03T07:26:02.046Z] GET http://localhost:4011/v2/guardrails/list → 200 (28ms, ?B)
[2026-06-03T07:26:02.046Z] GET http://localhost:4011/policies/list → pending (?ms, ?B)
[2026-06-03T07:26:02.058Z] GET http://localhost:4011/v1/mcp/access_groups → pending (?ms, ?B)
[2026-06-03T07:26:02.058Z] GET http://localhost:4011/models?include_model_access_groups=True&return_wildcard_routes=True → 200 (58ms, ?B)
[2026-06-03T07:26:02.058Z] GET http://localhost:4011/models?include_model_access_groups=True → pending (?ms, ?B)
[2026-06-03T07:26:02.058Z] GET http://localhost:4011/v2/team/list?page=1&page_size=100 → pending (?ms, ?B)
[2026-06-03T07:26:02.058Z] GET http://localhost:4011/organization/list → 200 (12ms, ?B)
[2026-06-03T07:26:02.058Z] GET http://localhost:4011/in_product_nudges → pending (?ms, ?B)
[2026-06-03T07:26:02.073Z] HEAD http://localhost:4011/ → pending (?ms, ?B)
[2026-06-03T07:26:02.168Z] GET http://localhost:4011/__next._tree.txt?_rsc=1r34m → 404 (132ms, 22B)
[2026-06-03T07:26:02.292Z] GET http://localhost:4011/models?include_model_access_groups=True&return_wildcard_routes=True → 200 (90ms, 452B)
[2026-06-03T07:26:02.371Z] GET http://localhost:4011/models?include_model_access_groups=True&return_wildcard_routes=True → 200 (?ms, 452B)
[2026-06-03T07:26:10.389Z] GET http://localhost:4011/ui/?page=teams → 200 (2ms, 25528B)
[2026-06-03T07:26:10.419Z] GET http://localhost:4011/litellm-asset-prefix/_next/static/media/83afe278b6a6bb3c-s.p.3a6ba036.woff2 → 200 (42ms, 48432B)
[2026-06-03T07:26:10.419Z] GET http://localhost:4011/litellm-asset-prefix/_next/static/chunks/4e20891f2fd03463.css → 200 (?ms, 1996B)
[2026-06-03T07:26:10.419Z] GET http://localhost:4011/litellm-asset-prefix/_next/static/chunks/ab7673a38cfdad77.css → 200 (4ms, 471755B)
[2026-06-03T07:26:10.424Z] GET http://localhost:4011/litellm-asset-prefix/_next/static/chunks/3f3fa56b5786d58c.css → 200 (?ms, 1013B)
[2026-06-03T07:26:10.424Z] GET http://localhost:4011/litellm-asset-prefix/_next/static/chunks/5489ec6b9761f819.js → 200 (37ms, 23008B)
[2026-06-03T07:26:10.424Z] GET http://localhost:4011/litellm-asset-prefix/_next/static/chunks/1300460219810c10.js → 200 (55ms, 41583B)
[2026-06-03T07:26:10.424Z] GET http://localhost:4011/litellm-asset-prefix/_next/static/chunks/e96398764f77c728.js → 200 (55ms, 110109B)
[2026-06-03T07:26:10.424Z] GET http://localhost:4011/litellm-asset-prefix/_next/static/chunks/726579f2940c2a2f.js → 200 (68ms, 224513B)
[2026-06-03T07:26:10.424Z] GET http://localhost:4011/litellm-asset-prefix/_next/static/chunks/turbopack-ddedb29a5eb0118f.js → 200 (55ms, 10254B)
[2026-06-03T07:26:10.424Z] GET http://localhost:4011/litellm-asset-prefix/_next/static/chunks/9e09de50158b3159.js → 200 (55ms, 12810B)
[2026-06-03T07:26:10.424Z] GET http://localhost:4011/litellm-asset-prefix/_next/static/chunks/7e5fe5584502da06.js → 200 (386ms, ?B)
[2026-06-03T07:26:10.424Z] GET http://localhost:4011/litellm-asset-prefix/_next/static/chunks/d96012bcfc98706a.js → 200 (56ms, 283B)
[2026-06-03T07:26:10.424Z] GET http://localhost:4011/litellm-asset-prefix/_next/static/chunks/dbca964212122d58.js → 200 (56ms, 30772B)
[2026-06-03T07:26:10.424Z] GET http://localhost:4011/litellm-asset-prefix/_next/static/chunks/cd677ff381b90c30.js → 200 (56ms, 26406B)
[2026-06-03T07:26:10.424Z] GET http://localhost:4011/litellm-asset-prefix/_next/static/chunks/0e65540d910189ec.js → 200 (56ms, 27774B)
[2026-06-03T07:26:10.424Z] GET http://localhost:4011/litellm-asset-prefix/_next/static/chunks/0549bc9afa7d4888.js → 200 (56ms, 22419B)
[2026-06-03T07:26:10.424Z] GET http://localhost:4011/litellm-asset-prefix/_next/static/chunks/403c4d96324c23a6.js → 200 (56ms, 38751B)
[2026-06-03T07:26:10.424Z] GET http://localhost:4011/litellm-asset-prefix/_next/static/chunks/eaa469b758cdd75d.js → 200 (56ms, 35993B)
[2026-06-03T07:26:10.424Z] GET http://localhost:4011/litellm-asset-prefix/_next/static/chunks/c53c9c7afec96700.js → 200 (56ms, 39715B)
[2026-06-03T07:26:10.424Z] GET http://localhost:4011/litellm-asset-prefix/_next/static/chunks/1fe0596a309ad6cf.js → 200 (67ms, 33168B)
[2026-06-03T07:26:10.424Z] GET http://localhost:4011/litellm-asset-prefix/_next/static/chunks/c0b640cc12a2b90e.js → 200 (68ms, 30151B)
[2026-06-03T07:26:10.424Z] GET http://localhost:4011/litellm-asset-prefix/_next/static/chunks/ecce455f20a321a8.js → 200 (69ms, 41200B)
[2026-06-03T07:26:10.424Z] GET http://localhost:4011/litellm-asset-prefix/_next/static/chunks/1bc2898be56acd1b.js → 200 (68ms, 43435B)
[2026-06-03T07:26:10.425Z] GET http://localhost:4011/litellm-asset-prefix/_next/static/chunks/88c74f8b4b20d25a.js → 200 (67ms, 28696B)
[2026-06-03T07:26:10.425Z] GET http://localhost:4011/litellm-asset-prefix/_next/static/chunks/d29d6e2ed772cd40.js → 200 (72ms, 73391B)
[2026-06-03T07:26:10.425Z] GET http://localhost:4011/litellm-asset-prefix/_next/static/chunks/134f728fa7099e3e.js → 200 (?ms, 43734B)
[2026-06-03T07:26:10.425Z] GET http://localhost:4011/litellm-asset-prefix/_next/static/chunks/a09028cd611c08ef.js → 200 (?ms, 54155B)
[2026-06-03T07:26:10.425Z] GET http://localhost:4011/litellm-asset-prefix/_next/static/chunks/7b788dd93ad868b3.js → 200 (?ms, 26346B)
[2026-06-03T07:26:10.425Z] GET http://localhost:4011/litellm-asset-prefix/_next/static/chunks/b18c9c2cb04f232f.js → 200 (?ms, 125646B)
[2026-06-03T07:26:10.426Z] GET http://localhost:4011/litellm-asset-prefix/_next/static/chunks/47a838c67cdd745e.js → 200 (113ms, 48720B)
[2026-06-03T07:26:10.426Z] GET http://localhost:4011/litellm-asset-prefix/_next/static/chunks/d3ac82723ec9e30d.js → 200 (75ms, 229764B)
[2026-06-03T07:26:10.426Z] GET http://localhost:4011/litellm-asset-prefix/_next/static/chunks/0a240f3b9f7eb75f.js → 200 (?ms, 40416B)
[2026-06-03T07:26:10.426Z] GET http://localhost:4011/litellm-asset-prefix/_next/static/chunks/89034a1473717ab9.js → 200 (?ms, 61902B)
[2026-06-03T07:26:10.426Z] GET http://localhost:4011/litellm-asset-prefix/_next/static/chunks/e40bdf27db562169.js → 200 (?ms, 73558B)
[2026-06-03T07:26:10.431Z] GET http://localhost:4011/litellm-asset-prefix/_next/static/chunks/3b30ab8eaa03bc21.js → 200 (?ms, 51608B)
[2026-06-03T07:26:10.431Z] GET http://localhost:4011/litellm-asset-prefix/_next/static/chunks/e1f23fd814ac3500.js → 200 (?ms, 38190B)
[2026-06-03T07:26:10.431Z] GET http://localhost:4011/litellm-asset-prefix/_next/static/chunks/60d899dd52430ef8.js → 200 (?ms, 90391B)
[2026-06-03T07:26:10.431Z] GET http://localhost:4011/litellm-asset-prefix/_next/static/chunks/62b240881d1b6a32.js → 200 (?ms, 192705B)
[2026-06-03T07:26:10.432Z] GET http://localhost:4011/litellm-asset-prefix/_next/static/chunks/3a50c1cde5b4e762.js → 200 (?ms, 273723B)
[2026-06-03T07:26:10.432Z] GET http://localhost:4011/litellm-asset-prefix/_next/static/chunks/ddcd1fd842a79e55.js → 200 (?ms, 62766B)
[2026-06-03T07:26:10.432Z] GET http://localhost:4011/litellm-asset-prefix/_next/static/chunks/7e417dd24c8becd0.js → 200 (?ms, 625410B)
[2026-06-03T07:26:10.432Z] GET http://localhost:4011/litellm-asset-prefix/_next/static/chunks/4da3a9cfe4fd184c.js → 200 (?ms, 201791B)
[2026-06-03T07:26:10.432Z] GET http://localhost:4011/litellm-asset-prefix/_next/static/chunks/08c0504a8b40be58.js → 200 (?ms, 551122B)
[2026-06-03T07:26:10.432Z] GET http://localhost:4011/litellm-asset-prefix/_next/static/chunks/f4d1949f60a5a018.js → 200 (?ms, 60104B)
[2026-06-03T07:26:10.433Z] GET http://localhost:4011/litellm-asset-prefix/_next/static/chunks/496b84010c33cf69.js → 200 (?ms, 397105B)
[2026-06-03T07:26:10.433Z] GET http://localhost:4011/litellm-asset-prefix/_next/static/chunks/ca5fbafaf3826374.js → 200 (?ms, 120964B)
[2026-06-03T07:26:10.433Z] GET http://localhost:4011/litellm-asset-prefix/_next/static/chunks/fcdf7322b0aa3e2e.js → 200 (?ms, 114970B)
[2026-06-03T07:26:10.433Z] GET http://localhost:4011/litellm-asset-prefix/_next/static/chunks/2f8533eeba82cab7.js → 200 (?ms, 102430B)
[2026-06-03T07:26:10.433Z] GET http://localhost:4011/litellm-asset-prefix/_next/static/chunks/f2da1c30c106cf05.js → 200 (?ms, 189972B)
[2026-06-03T07:26:10.433Z] GET http://localhost:4011/litellm-asset-prefix/_next/static/chunks/0a65da2cd24e2ab6.js → 200 (?ms, 106863B)
[2026-06-03T07:26:10.433Z] GET http://localhost:4011/litellm-asset-prefix/_next/static/chunks/4980372eaa37b78b.js → 200 (1ms, 120305B)
[2026-06-03T07:26:10.435Z] GET http://localhost:4011/litellm-asset-prefix/_next/static/chunks/341e7c75250f4f40.js → 200 (?ms, 87672B)
[2026-06-03T07:26:10.435Z] GET http://localhost:4011/litellm-asset-prefix/_next/static/chunks/908828a91f602d8b.js → 200 (?ms, 152521B)
[2026-06-03T07:26:10.435Z] GET http://localhost:4011/litellm-asset-prefix/_next/static/chunks/2971c4658f1bcd7d.js → 200 (23ms, 78766B)
[2026-06-03T07:26:10.458Z] GET http://localhost:4011/litellm-asset-prefix/_next/static/chunks/ca91b0fa4d619698.js → 200 (1ms, 122239B)
[2026-06-03T07:26:10.459Z] GET http://localhost:4011/litellm-asset-prefix/_next/static/chunks/7149faf92f484aca.js → 200 (?ms, 90103B)
[2026-06-03T07:26:10.459Z] GET http://localhost:4011/litellm-asset-prefix/_next/static/chunks/eaa9f9b9bb3e054b.js → 200 (?ms, 174972B)
[2026-06-03T07:26:10.459Z] GET http://localhost:4011/litellm-asset-prefix/_next/static/chunks/f9c24d6e7ec43046.js → 200 (?ms, 46854B)
[2026-06-03T07:26:10.460Z] GET http://localhost:4011/litellm-asset-prefix/_next/static/chunks/7c797521435cb59c.js → 200 (?ms, 65097B)
[2026-06-03T07:26:10.460Z] GET http://localhost:4011/litellm-asset-prefix/_next/static/chunks/ac92164b24de092b.js → 200 (?ms, 81224B)
[2026-06-03T07:26:10.460Z] GET http://localhost:4011/litellm-asset-prefix/_next/static/chunks/99cf9cf99df5ccfc.js → 200 (?ms, 311450B)
[2026-06-03T07:26:10.460Z] GET http://localhost:4011/litellm-asset-prefix/_next/static/chunks/3bddc72a3ecc2253.js → 200 (?ms, 160159B)
[2026-06-03T07:26:10.460Z] GET http://localhost:4011/litellm-asset-prefix/_next/static/chunks/3daef8922b68e600.js → 200 (?ms, 206622B)
[2026-06-03T07:26:11.256Z] GET http://localhost:4011/litellm/.well-known/litellm-ui-config → 200 (13ms, ?B)
[2026-06-03T07:26:11.274Z] GET http://localhost:4011/ui/login?redirect_to=http%3A%2F%2Flocalhost%3A4011%2Fui%2F%3Fpage%3Dteams → 307 (13ms, ?B)
[2026-06-03T07:26:11.288Z] GET http://localhost:4011/ui/login/?redirect_to=http%3A%2F%2Flocalhost%3A4011%2Fui%2F%3Fpage%3Dteams → 200 (2ms, 11621B)
[2026-06-03T07:26:11.308Z] GET http://localhost:4011/litellm-asset-prefix/_next/static/media/83afe278b6a6bb3c-s.p.3a6ba036.woff2 → 200 (19ms, 48432B)
[2026-06-03T07:26:11.309Z] GET http://localhost:4011/litellm-asset-prefix/_next/static/chunks/4e20891f2fd03463.css → 200 (?ms, 1996B)
[2026-06-03T07:26:11.321Z] GET http://localhost:4011/litellm-asset-prefix/_next/static/chunks/ab7673a38cfdad77.css → 200 (?ms, 471755B)
[2026-06-03T07:26:11.321Z] GET http://localhost:4011/litellm-asset-prefix/_next/static/chunks/5489ec6b9761f819.js → 200 (?ms, 23008B)
[2026-06-03T07:26:11.322Z] GET http://localhost:4011/litellm-asset-prefix/_next/static/chunks/1300460219810c10.js → 200 (?ms, 41583B)
[2026-06-03T07:26:11.322Z] GET http://localhost:4011/litellm-asset-prefix/_next/static/chunks/e96398764f77c728.js → 200 (?ms, 110109B)
[2026-06-03T07:26:11.323Z] GET http://localhost:4011/litellm-asset-prefix/_next/static/chunks/726579f2940c2a2f.js → 200 (?ms, 224513B)
[2026-06-03T07:26:11.323Z] GET http://localhost:4011/litellm-asset-prefix/_next/static/chunks/turbopack-ddedb29a5eb0118f.js → 200 (?ms, 10254B)
[2026-06-03T07:26:11.323Z] GET http://localhost:4011/litellm-asset-prefix/_next/static/chunks/9e09de50158b3159.js → 200 (?ms, 12810B)
[2026-06-03T07:26:11.323Z] GET http://localhost:4011/litellm-asset-prefix/_next/static/chunks/7e5fe5584502da06.js → 200 (1ms, 185214B)
[2026-06-03T07:26:11.324Z] GET http://localhost:4011/litellm-asset-prefix/_next/static/chunks/d96012bcfc98706a.js → 200 (?ms, 283B)
[2026-06-03T07:26:11.324Z] GET http://localhost:4011/litellm-asset-prefix/_next/static/chunks/dbca964212122d58.js → 200 (?ms, 30772B)
[2026-06-03T07:26:11.324Z] GET http://localhost:4011/litellm-asset-prefix/_next/static/chunks/6392214b899e5c07.js → 200 (4ms, 16555B)
[2026-06-03T07:26:11.324Z] GET http://localhost:4011/litellm-asset-prefix/_next/static/chunks/a1ef280b7ad5ae6a.js → 200 (32ms, 38257B)
[2026-06-03T07:26:11.324Z] GET http://localhost:4011/litellm-asset-prefix/_next/static/chunks/0a6c418370a8c183.js → 200 (32ms, 22346B)
[2026-06-03T07:26:11.325Z] GET http://localhost:4011/litellm-asset-prefix/_next/static/chunks/570b2e10aa856e54.js → 200 (51ms, 28696B)
[2026-06-03T07:26:11.325Z] GET http://localhost:4011/litellm-asset-prefix/_next/static/chunks/6a0fd05cc4ab959b.js → 200 (73ms, 551122B)
[2026-06-03T07:26:11.325Z] GET http://localhost:4011/litellm-asset-prefix/_next/static/chunks/fcad393dcc862a21.js → 200 (70ms, 39519B)
[2026-06-03T07:26:11.325Z] GET http://localhost:4011/litellm-asset-prefix/_next/static/chunks/7b788dd93ad868b3.js → 200 (?ms, 26346B)
[2026-06-03T07:26:11.507Z] GET http://localhost:4011/litellm/.well-known/litellm-ui-config → 200 (?ms, 161B)
[2026-06-03T07:27:03.236Z] GET http://localhost:4011/ui/ → 200 (4ms, 25528B)
[2026-06-03T07:27:03.264Z] GET http://localhost:4011/litellm-asset-prefix/_next/static/media/83afe278b6a6bb3c-s.p.3a6ba036.woff2 → 200 (29ms, 48432B)
[2026-06-03T07:27:03.268Z] GET http://localhost:4011/litellm-asset-prefix/_next/static/chunks/4e20891f2fd03463.css → 304 (19ms, ?B)
[2026-06-03T07:27:03.268Z] GET http://localhost:4011/litellm-asset-prefix/_next/static/chunks/ab7673a38cfdad77.css → 304 (19ms, ?B)
[2026-06-03T07:27:03.268Z] GET http://localhost:4011/litellm-asset-prefix/_next/static/chunks/3f3fa56b5786d58c.css → 200 (20ms, 1013B)
[2026-06-03T07:27:03.268Z] GET http://localhost:4011/litellm-asset-prefix/_next/static/chunks/5489ec6b9761f819.js → 304 (25ms, ?B)
[2026-06-03T07:27:03.268Z] GET http://localhost:4011/litellm-asset-prefix/_next/static/chunks/1300460219810c10.js → 304 (25ms, ?B)
[2026-06-03T07:27:03.268Z] GET http://localhost:4011/litellm-asset-prefix/_next/static/chunks/e96398764f77c728.js → 304 (62ms, ?B)
[2026-06-03T07:27:03.268Z] GET http://localhost:4011/litellm-asset-prefix/_next/static/chunks/726579f2940c2a2f.js → 304 (61ms, ?B)
[2026-06-03T07:27:03.269Z] GET http://localhost:4011/litellm-asset-prefix/_next/static/chunks/turbopack-ddedb29a5eb0118f.js → 304 (60ms, ?B)
[2026-06-03T07:27:03.269Z] GET http://localhost:4011/litellm-asset-prefix/_next/static/chunks/9e09de50158b3159.js → 304 (61ms, ?B)
[2026-06-03T07:27:03.269Z] GET http://localhost:4011/litellm-asset-prefix/_next/static/chunks/7e5fe5584502da06.js → 304 (60ms, ?B)
[2026-06-03T07:27:03.269Z] GET http://localhost:4011/litellm-asset-prefix/_next/static/chunks/d96012bcfc98706a.js → 304 (89ms, ?B)
[2026-06-03T07:27:03.269Z] GET http://localhost:4011/litellm-asset-prefix/_next/static/chunks/dbca964212122d58.js → 304 (61ms, ?B)
[2026-06-03T07:27:03.269Z] GET http://localhost:4011/litellm-asset-prefix/_next/static/chunks/cd677ff381b90c30.js → 304 (89ms, ?B)
[2026-06-03T07:27:03.269Z] GET http://localhost:4011/litellm-asset-prefix/_next/static/chunks/0e65540d910189ec.js → 304 (89ms, ?B)
[2026-06-03T07:27:03.269Z] GET http://localhost:4011/litellm-asset-prefix/_next/static/chunks/0549bc9afa7d4888.js → 304 (90ms, ?B)
[2026-06-03T07:27:03.269Z] GET http://localhost:4011/litellm-asset-prefix/_next/static/chunks/403c4d96324c23a6.js → 304 (75ms, ?B)
[2026-06-03T07:27:03.270Z] GET http://localhost:4011/litellm-asset-prefix/_next/static/chunks/eaa469b758cdd75d.js → 304 (89ms, ?B)
[2026-06-03T07:27:03.270Z] GET http://localhost:4011/litellm-asset-prefix/_next/static/chunks/c53c9c7afec96700.js → 304 (110ms, ?B)
[2026-06-03T07:27:03.277Z] GET http://localhost:4011/litellm-asset-prefix/_next/static/chunks/1fe0596a309ad6cf.js → 304 (103ms, ?B)
[2026-06-03T07:27:03.277Z] GET http://localhost:4011/litellm-asset-prefix/_next/static/chunks/c0b640cc12a2b90e.js → 304 (103ms, ?B)
[2026-06-03T07:27:03.277Z] GET http://localhost:4011/litellm-asset-prefix/_next/static/chunks/ecce455f20a321a8.js → 304 (102ms, ?B)
[2026-06-03T07:27:03.277Z] GET http://localhost:4011/litellm-asset-prefix/_next/static/chunks/1bc2898be56acd1b.js → 304 (102ms, ?B)
[2026-06-03T07:27:03.277Z] GET http://localhost:4011/litellm-asset-prefix/_next/static/chunks/88c74f8b4b20d25a.js → 304 (103ms, ?B)
[2026-06-03T07:27:03.277Z] GET http://localhost:4011/litellm-asset-prefix/_next/static/chunks/d29d6e2ed772cd40.js → 304 (128ms, ?B)
[2026-06-03T07:27:03.277Z] GET http://localhost:4011/litellm-asset-prefix/_next/static/chunks/134f728fa7099e3e.js → 200 (152ms, 43734B)
[2026-06-03T07:27:03.278Z] GET http://localhost:4011/litellm-asset-prefix/_next/static/chunks/a09028cd611c08ef.js → 200 (179ms, 54155B)
[2026-06-03T07:27:03.278Z] GET http://localhost:4011/litellm-asset-prefix/_next/static/chunks/7b788dd93ad868b3.js → 304 (127ms, ?B)
[2026-06-03T07:27:03.278Z] GET http://localhost:4011/litellm-asset-prefix/_next/static/chunks/b18c9c2cb04f232f.js → 200 (180ms, 125646B)
[2026-06-03T07:27:03.278Z] GET http://localhost:4011/litellm-asset-prefix/_next/static/chunks/47a838c67cdd745e.js → 304 (125ms, ?B)
[2026-06-03T07:27:03.278Z] GET http://localhost:4011/litellm-asset-prefix/_next/static/chunks/d3ac82723ec9e30d.js → 304 (180ms, ?B)
[2026-06-03T07:27:03.278Z] GET http://localhost:4011/litellm-asset-prefix/_next/static/chunks/0a240f3b9f7eb75f.js → 200 (198ms, 40416B)
[2026-06-03T07:27:03.278Z] GET http://localhost:4011/litellm-asset-prefix/_next/static/chunks/89034a1473717ab9.js → 200 (198ms, 61902B)
[2026-06-03T07:27:03.278Z] GET http://localhost:4011/litellm-asset-prefix/_next/static/chunks/e40bdf27db562169.js → 200 (198ms, 73558B)
[2026-06-03T07:27:03.278Z] GET http://localhost:4011/litellm-asset-prefix/_next/static/chunks/3b30ab8eaa03bc21.js → 200 (199ms, 51608B)
[2026-06-03T07:27:03.278Z] GET http://localhost:4011/litellm-asset-prefix/_next/static/chunks/e1f23fd814ac3500.js → 200 (180ms, 38190B)
[2026-06-03T07:27:03.278Z] GET http://localhost:4011/litellm-asset-prefix/_next/static/chunks/60d899dd52430ef8.js → 200 (209ms, 90391B)
[2026-06-03T07:27:03.284Z] GET http://localhost:4011/litellm-asset-prefix/_next/static/chunks/62b240881d1b6a32.js → 200 (196ms, 192705B)
[2026-06-03T07:27:03.285Z] GET http://localhost:4011/litellm-asset-prefix/_next/static/chunks/3a50c1cde5b4e762.js → 200 (205ms, 273723B)
[2026-06-03T07:27:03.285Z] GET http://localhost:4011/litellm-asset-prefix/_next/static/chunks/ddcd1fd842a79e55.js → 200 (196ms, 62766B)
[2026-06-03T07:27:03.285Z] GET http://localhost:4011/litellm-asset-prefix/_next/static/chunks/7e417dd24c8becd0.js → 200 (205ms, 625410B)
[2026-06-03T07:27:03.285Z] GET http://localhost:4011/litellm-asset-prefix/_next/static/chunks/4da3a9cfe4fd184c.js → 200 (205ms, 201791B)
[2026-06-03T07:27:03.285Z] GET http://localhost:4011/litellm-asset-prefix/_next/static/chunks/08c0504a8b40be58.js → 200 (224ms, 551122B)
[2026-06-03T07:27:03.285Z] GET http://localhost:4011/litellm-asset-prefix/_next/static/chunks/f4d1949f60a5a018.js → 304 (205ms, ?B)
[2026-06-03T07:27:03.285Z] GET http://localhost:4011/litellm-asset-prefix/_next/static/chunks/496b84010c33cf69.js → 304 (202ms, ?B)
[2026-06-03T07:27:03.285Z] GET http://localhost:4011/litellm-asset-prefix/_next/static/chunks/ca5fbafaf3826374.js → 304 (205ms, ?B)
[2026-06-03T07:27:03.285Z] GET http://localhost:4011/litellm-asset-prefix/_next/static/chunks/fcdf7322b0aa3e2e.js → 304 (202ms, ?B)
[2026-06-03T07:27:03.285Z] GET http://localhost:4011/litellm-asset-prefix/_next/static/chunks/2f8533eeba82cab7.js → 304 (205ms, ?B)
[2026-06-03T07:27:03.285Z] GET http://localhost:4011/litellm-asset-prefix/_next/static/chunks/f2da1c30c106cf05.js → 304 (205ms, ?B)
[2026-06-03T07:27:03.285Z] GET http://localhost:4011/litellm-asset-prefix/_next/static/chunks/0a65da2cd24e2ab6.js → 304 (205ms, ?B)
[2026-06-03T07:27:03.285Z] GET http://localhost:4011/litellm-asset-prefix/_next/static/chunks/4980372eaa37b78b.js → 304 (205ms, ?B)
[2026-06-03T07:27:03.286Z] GET http://localhost:4011/litellm-asset-prefix/_next/static/chunks/341e7c75250f4f40.js → 304 (205ms, ?B)
[2026-06-03T07:27:03.286Z] GET http://localhost:4011/litellm-asset-prefix/_next/static/chunks/908828a91f602d8b.js → 304 (205ms, ?B)
[2026-06-03T07:27:03.286Z] GET http://localhost:4011/litellm-asset-prefix/_next/static/chunks/2971c4658f1bcd7d.js → 304 (204ms, ?B)
[2026-06-03T07:27:03.286Z] GET http://localhost:4011/litellm-asset-prefix/_next/static/chunks/ca91b0fa4d619698.js → 304 (204ms, ?B)
[2026-06-03T07:27:03.286Z] GET http://localhost:4011/litellm-asset-prefix/_next/static/chunks/7149faf92f484aca.js → 304 (205ms, ?B)
[2026-06-03T07:27:03.286Z] GET http://localhost:4011/litellm-asset-prefix/_next/static/chunks/eaa9f9b9bb3e054b.js → 304 (205ms, ?B)
[2026-06-03T07:27:03.286Z] GET http://localhost:4011/litellm-asset-prefix/_next/static/chunks/f9c24d6e7ec43046.js → 304 (206ms, ?B)
[2026-06-03T07:27:03.286Z] GET http://localhost:4011/litellm-asset-prefix/_next/static/chunks/7c797521435cb59c.js → 304 (223ms, ?B)
[2026-06-03T07:27:03.286Z] GET http://localhost:4011/litellm-asset-prefix/_next/static/chunks/ac92164b24de092b.js → 304 (222ms, ?B)
[2026-06-03T07:27:03.286Z] GET http://localhost:4011/litellm-asset-prefix/_next/static/chunks/99cf9cf99df5ccfc.js → 304 (223ms, ?B)
[2026-06-03T07:27:03.286Z] GET http://localhost:4011/litellm-asset-prefix/_next/static/chunks/3bddc72a3ecc2253.js → 304 (221ms, ?B)
[2026-06-03T07:27:03.286Z] GET http://localhost:4011/litellm-asset-prefix/_next/static/chunks/3daef8922b68e600.js → 304 (223ms, ?B)
[2026-06-03T07:27:03.971Z] GET http://localhost:4011/litellm/.well-known/litellm-ui-config → 200 (13ms, ?B)
[2026-06-03T07:27:03.986Z] GET http://localhost:4011/ui/login?redirect_to=http%3A%2F%2Flocalhost%3A4011%2Fui%2F → 307 (17ms, ?B)
[2026-06-03T07:27:04.004Z] GET http://localhost:4011/ui/login/?redirect_to=http%3A%2F%2Flocalhost%3A4011%2Fui%2F → 200 (?ms, 11621B)
[2026-06-03T07:27:04.043Z] GET http://localhost:4011/litellm-asset-prefix/_next/static/media/83afe278b6a6bb3c-s.p.3a6ba036.woff2 → 200 (19ms, 48432B)
[2026-06-03T07:27:04.043Z] GET http://localhost:4011/litellm-asset-prefix/_next/static/chunks/4e20891f2fd03463.css → 200 (?ms, 1996B)
[2026-06-03T07:27:04.044Z] GET http://localhost:4011/litellm-asset-prefix/_next/static/chunks/ab7673a38cfdad77.css → 200 (?ms, 471755B)
[2026-06-03T07:27:04.044Z] GET http://localhost:4011/litellm-asset-prefix/_next/static/chunks/5489ec6b9761f819.js → 200 (?ms, 23008B)
[2026-06-03T07:27:04.045Z] GET http://localhost:4011/litellm-asset-prefix/_next/static/chunks/1300460219810c10.js → 200 (?ms, 41583B)
[2026-06-03T07:27:04.045Z] GET http://localhost:4011/litellm-asset-prefix/_next/static/chunks/e96398764f77c728.js → 200 (?ms, 110109B)
[2026-06-03T07:27:04.045Z] GET http://localhost:4011/litellm-asset-prefix/_next/static/chunks/726579f2940c2a2f.js → 200 (?ms, 224513B)
[2026-06-03T07:27:04.046Z] GET http://localhost:4011/litellm-asset-prefix/_next/static/chunks/turbopack-ddedb29a5eb0118f.js → 200 (?ms, 10254B)
[2026-06-03T07:27:04.046Z] GET http://localhost:4011/litellm-asset-prefix/_next/static/chunks/9e09de50158b3159.js → 200 (?ms, 12810B)
[2026-06-03T07:27:04.046Z] GET http://localhost:4011/litellm-asset-prefix/_next/static/chunks/7e5fe5584502da06.js → 200 (?ms, 185214B)
[2026-06-03T07:27:04.046Z] GET http://localhost:4011/litellm-asset-prefix/_next/static/chunks/d96012bcfc98706a.js → 200 (?ms, 283B)
[2026-06-03T07:27:04.047Z] GET http://localhost:4011/litellm-asset-prefix/_next/static/chunks/dbca964212122d58.js → 200 (?ms, 30772B)
[2026-06-03T07:27:04.047Z] GET http://localhost:4011/litellm-asset-prefix/_next/static/chunks/6392214b899e5c07.js → 304 (18ms, ?B)
[2026-06-03T07:27:04.047Z] GET http://localhost:4011/litellm-asset-prefix/_next/static/chunks/a1ef280b7ad5ae6a.js → 304 (21ms, ?B)
[2026-06-03T07:27:04.047Z] GET http://localhost:4011/litellm-asset-prefix/_next/static/chunks/0a6c418370a8c183.js → 304 (21ms, ?B)
[2026-06-03T07:27:04.047Z] GET http://localhost:4011/litellm-asset-prefix/_next/static/chunks/570b2e10aa856e54.js → 304 (21ms, ?B)
[2026-06-03T07:27:04.047Z] GET http://localhost:4011/litellm-asset-prefix/_next/static/chunks/6a0fd05cc4ab959b.js → 304 (19ms, ?B)
[2026-06-03T07:27:04.047Z] GET http://localhost:4011/litellm-asset-prefix/_next/static/chunks/fcad393dcc862a21.js → 304 (18ms, ?B)
[2026-06-03T07:27:04.047Z] GET http://localhost:4011/litellm-asset-prefix/_next/static/chunks/7b788dd93ad868b3.js → 200 (?ms, 26346B)
[2026-06-03T07:27:04.159Z] GET http://localhost:4011/litellm/.well-known/litellm-ui-config → 200 (1ms, ?B)
[2026-06-03T07:27:17.929Z] POST http://localhost:4011/v2/login → 200 (96ms, 509B)
[2026-06-03T07:27:18.043Z] GET http://localhost:4011/ui/index.txt?_rsc=5c339 → 200 (36ms, 15852B)
[2026-06-03T07:27:18.156Z] GET http://localhost:4011/litellm-asset-prefix/_next/static/chunks/cd677ff381b90c30.js → 200 (33ms, ?B)
[2026-06-03T07:27:18.156Z] GET http://localhost:4011/litellm-asset-prefix/_next/static/chunks/0e65540d910189ec.js → 200 (33ms, ?B)
[2026-06-03T07:27:18.156Z] GET http://localhost:4011/litellm-asset-prefix/_next/static/chunks/0549bc9afa7d4888.js → 200 (38ms, ?B)
[2026-06-03T07:27:18.156Z] GET http://localhost:4011/litellm-asset-prefix/_next/static/chunks/403c4d96324c23a6.js → 200 (33ms, ?B)
[2026-06-03T07:27:18.156Z] GET http://localhost:4011/litellm-asset-prefix/_next/static/chunks/eaa469b758cdd75d.js → 200 (38ms, ?B)
[2026-06-03T07:27:18.156Z] GET http://localhost:4011/litellm-asset-prefix/_next/static/chunks/c53c9c7afec96700.js → 200 (35ms, ?B)
[2026-06-03T07:27:18.156Z] GET http://localhost:4011/litellm-asset-prefix/_next/static/chunks/1fe0596a309ad6cf.js → 200 (39ms, ?B)
[2026-06-03T07:27:18.156Z] GET http://localhost:4011/litellm-asset-prefix/_next/static/chunks/c0b640cc12a2b90e.js → 200 (39ms, ?B)
[2026-06-03T07:27:18.156Z] GET http://localhost:4011/litellm-asset-prefix/_next/static/chunks/ecce455f20a321a8.js → 200 (39ms, ?B)
[2026-06-03T07:27:18.156Z] GET http://localhost:4011/litellm-asset-prefix/_next/static/chunks/1bc2898be56acd1b.js → 200 (39ms, ?B)
[2026-06-03T07:27:18.156Z] GET http://localhost:4011/litellm-asset-prefix/_next/static/chunks/88c74f8b4b20d25a.js → 200 (52ms, ?B)
[2026-06-03T07:27:18.156Z] GET http://localhost:4011/litellm-asset-prefix/_next/static/chunks/d29d6e2ed772cd40.js → 200 (39ms, ?B)
[2026-06-03T07:27:18.156Z] GET http://localhost:4011/litellm-asset-prefix/_next/static/chunks/134f728fa7099e3e.js → 200 (39ms, ?B)
[2026-06-03T07:27:18.156Z] GET http://localhost:4011/litellm-asset-prefix/_next/static/chunks/a09028cd611c08ef.js → 200 (52ms, ?B)
[2026-06-03T07:27:18.157Z] GET http://localhost:4011/litellm-asset-prefix/_next/static/chunks/b18c9c2cb04f232f.js → 200 (53ms, ?B)
[2026-06-03T07:27:18.157Z] GET http://localhost:4011/litellm-asset-prefix/_next/static/chunks/47a838c67cdd745e.js → 200 (51ms, ?B)
[2026-06-03T07:27:18.157Z] GET http://localhost:4011/litellm-asset-prefix/_next/static/chunks/d3ac82723ec9e30d.js → 200 (52ms, ?B)
[2026-06-03T07:27:18.157Z] GET http://localhost:4011/litellm-asset-prefix/_next/static/chunks/0a240f3b9f7eb75f.js → 200 (38ms, ?B)
[2026-06-03T07:27:18.157Z] GET http://localhost:4011/litellm-asset-prefix/_next/static/chunks/89034a1473717ab9.js → 200 (52ms, ?B)
[2026-06-03T07:27:18.157Z] GET http://localhost:4011/litellm-asset-prefix/_next/static/chunks/e40bdf27db562169.js → 200 (52ms, ?B)
[2026-06-03T07:27:18.157Z] GET http://localhost:4011/litellm-asset-prefix/_next/static/chunks/3b30ab8eaa03bc21.js → 200 (53ms, ?B)
[2026-06-03T07:27:18.157Z] GET http://localhost:4011/litellm-asset-prefix/_next/static/chunks/e1f23fd814ac3500.js → 200 (52ms, ?B)
[2026-06-03T07:27:18.157Z] GET http://localhost:4011/litellm-asset-prefix/_next/static/chunks/60d899dd52430ef8.js → 200 (53ms, ?B)
[2026-06-03T07:27:18.157Z] GET http://localhost:4011/litellm-asset-prefix/_next/static/chunks/62b240881d1b6a32.js → 200 (53ms, ?B)
[2026-06-03T07:27:18.157Z] GET http://localhost:4011/litellm-asset-prefix/_next/static/chunks/3a50c1cde5b4e762.js → 200 (53ms, ?B)
[2026-06-03T07:27:18.157Z] GET http://localhost:4011/litellm-asset-prefix/_next/static/chunks/ddcd1fd842a79e55.js → 200 (54ms, ?B)
[2026-06-03T07:27:18.157Z] GET http://localhost:4011/litellm-asset-prefix/_next/static/chunks/7e417dd24c8becd0.js → 200 (?ms, ?B)
[2026-06-03T07:27:18.157Z] GET http://localhost:4011/litellm-asset-prefix/_next/static/chunks/4da3a9cfe4fd184c.js → 200 (?ms, ?B)
[2026-06-03T07:27:18.158Z] GET http://localhost:4011/litellm-asset-prefix/_next/static/chunks/08c0504a8b40be58.js → 200 (?ms, ?B)
[2026-06-03T07:27:18.158Z] GET http://localhost:4011/litellm-asset-prefix/_next/static/chunks/f4d1949f60a5a018.js → 200 (?ms, ?B)
[2026-06-03T07:27:18.158Z] GET http://localhost:4011/litellm-asset-prefix/_next/static/chunks/496b84010c33cf69.js → pending (?ms, ?B)
[2026-06-03T07:27:18.158Z] GET http://localhost:4011/litellm-asset-prefix/_next/static/chunks/ca5fbafaf3826374.js → 200 (?ms, ?B)
[2026-06-03T07:27:18.158Z] GET http://localhost:4011/litellm-asset-prefix/_next/static/chunks/fcdf7322b0aa3e2e.js → 200 (53ms, ?B)
[2026-06-03T07:27:18.171Z] GET http://localhost:4011/litellm-asset-prefix/_next/static/chunks/2f8533eeba82cab7.js → 200 (?ms, ?B)
[2026-06-03T07:27:18.172Z] GET http://localhost:4011/litellm-asset-prefix/_next/static/chunks/f2da1c30c106cf05.js → 200 (?ms, ?B)
[2026-06-03T07:27:18.172Z] GET http://localhost:4011/litellm-asset-prefix/_next/static/chunks/0a65da2cd24e2ab6.js → 200 (?ms, ?B)
[2026-06-03T07:27:18.172Z] GET http://localhost:4011/litellm-asset-prefix/_next/static/chunks/4980372eaa37b78b.js → 200 (?ms, ?B)
[2026-06-03T07:27:18.172Z] GET http://localhost:4011/litellm-asset-prefix/_next/static/chunks/341e7c75250f4f40.js → 200 (?ms, ?B)
[2026-06-03T07:27:18.173Z] GET http://localhost:4011/litellm-asset-prefix/_next/static/chunks/908828a91f602d8b.js → 200 (?ms, ?B)
[2026-06-03T07:27:18.173Z] GET http://localhost:4011/litellm-asset-prefix/_next/static/chunks/2971c4658f1bcd7d.js → 200 (?ms, ?B)
[2026-06-03T07:27:18.173Z] GET http://localhost:4011/litellm-asset-prefix/_next/static/chunks/ca91b0fa4d619698.js → 200 (?ms, ?B)
[2026-06-03T07:27:18.173Z] GET http://localhost:4011/litellm-asset-prefix/_next/static/chunks/7149faf92f484aca.js → 200 (?ms, ?B)
[2026-06-03T07:27:18.173Z] GET http://localhost:4011/litellm-asset-prefix/_next/static/chunks/eaa9f9b9bb3e054b.js → 200 (?ms, ?B)
[2026-06-03T07:27:18.173Z] GET http://localhost:4011/litellm-asset-prefix/_next/static/chunks/f9c24d6e7ec43046.js → 200 (1ms, ?B)
[2026-06-03T07:27:18.174Z] GET http://localhost:4011/litellm-asset-prefix/_next/static/chunks/7c797521435cb59c.js → 200 (?ms, ?B)
[2026-06-03T07:27:18.174Z] GET http://localhost:4011/litellm-asset-prefix/_next/static/chunks/ac92164b24de092b.js → 200 (?ms, ?B)
[2026-06-03T07:27:18.174Z] GET http://localhost:4011/litellm-asset-prefix/_next/static/chunks/99cf9cf99df5ccfc.js → 200 (?ms, ?B)
[2026-06-03T07:27:18.174Z] GET http://localhost:4011/litellm-asset-prefix/_next/static/chunks/3bddc72a3ecc2253.js → 200 (?ms, ?B)
[2026-06-03T07:27:18.174Z] GET http://localhost:4011/litellm-asset-prefix/_next/static/chunks/3daef8922b68e600.js → 200 (1ms, ?B)
[2026-06-03T07:27:18.175Z] GET http://localhost:4011/litellm-asset-prefix/_next/static/chunks/3f3fa56b5786d58c.css → 200 (1ms, ?B)
[2026-06-03T07:27:19.212Z] GET http://localhost:4011/litellm-asset-prefix/_next/static/chunks/7e417dd24c8becd0.js → pending (?ms, ?B)
[2026-06-03T07:27:19.212Z] GET http://localhost:4011/litellm/.well-known/litellm-ui-config → pending (?ms, ?B)
[2026-06-03T07:27:19.467Z] GET http://localhost:4011/public/litellm_blog_posts → 200 (53ms, 353B)
[2026-06-03T07:27:19.467Z] GET http://localhost:4011/health/readiness → 200 (53ms, 290B)
[2026-06-03T07:27:19.469Z] GET http://localhost:4011/user/available_users → 200 (71ms, 139B)
[2026-06-03T07:27:19.472Z] GET http://localhost:4011/health/license → 200 (53ms, 138B)
[2026-06-03T07:27:19.473Z] GET http://localhost:4011/organization/list → 200 (210ms, 2B)
[2026-06-03T07:27:19.475Z] GET http://localhost:4011/team/list → 200 (221ms, 2B)
[2026-06-03T07:27:19.484Z] GET http://localhost:4011/get/ui_settings → 200 (56ms, 3363B)
[2026-06-03T07:27:19.484Z] GET http://localhost:4011/get/ui_theme_settings → 200 (37ms, 391B)
[2026-06-03T07:27:19.489Z] GET http://localhost:4011/sso/get/ui_settings → 200 (202ms, 194B)
[2026-06-03T07:27:19.489Z] GET http://localhost:4011/project/list → 200 (36ms, 2B)
[2026-06-03T07:27:19.489Z] GET http://localhost:4011/get/ui_settings → 200 (32ms, 3363B)
[2026-06-03T07:27:19.489Z] GET http://localhost:4011/tag/list → 200 (187ms, 2B)
[2026-06-03T07:27:19.489Z] GET http://localhost:4011/models?include_model_access_groups=True → 200 (202ms, 452B)
[2026-06-03T07:27:19.489Z] GET http://localhost:4011/v1/agents → 200 (187ms, 2B)
[2026-06-03T07:27:19.492Z] GET http://localhost:4011/v2/guardrails/list → 200 (184ms, 17B)
[2026-06-03T07:27:19.499Z] GET http://localhost:4011/policies/list → 200 (177ms, 31B)
[2026-06-03T07:27:19.499Z] GET http://localhost:4011/prompts/list → 200 (177ms, 14B)
[2026-06-03T07:27:19.499Z] GET http://localhost:4011/user/available_roles → 200 (177ms, 476B)
[2026-06-03T07:27:19.499Z] GET http://localhost:4011/models?include_model_access_groups=True&return_wildcard_routes=True → 200 (177ms, 452B)
[2026-06-03T07:27:19.500Z] GET http://localhost:4011/key/list?page=1&size=50&sort_by=created_at&sort_order=desc&expand=user&return_full_object=true&include_team_keys=true&include_created_by_keys=true → 200 (177ms, 60B)
[2026-06-03T07:27:19.500Z] GET http://localhost:4011/team/list → 200 (191ms, 2B)
[2026-06-03T07:27:19.503Z] GET http://localhost:4011/sso/get/ui_settings → 200 (22ms, 194B)
[2026-06-03T07:27:19.503Z] GET http://localhost:4011/team/list → 200 (22ms, 2B)
[2026-06-03T07:27:19.503Z] POST http://localhost:4011/v2/key/info → 200 (188ms, 1112B)
[2026-06-03T07:27:19.503Z] GET http://localhost:4011/models?include_model_access_groups=True → 200 (37ms, 452B)
[2026-06-03T07:27:19.503Z] GET http://localhost:4011/v2/team/list?page=1&page_size=100 → 200 (180ms, 63B)
[2026-06-03T07:27:19.503Z] GET http://localhost:4011/organization/list → 200 (22ms, 2B)
[2026-06-03T07:27:19.503Z] GET http://localhost:4011/in_product_nudges → 200 (173ms, 32B)
[2026-06-03T07:27:19.503Z] GET http://localhost:4011/get_image → 200 (12ms, 24694B)
[2026-06-03T07:27:19.525Z] HEAD http://localhost:4011/ → 200 (152ms, ?B)
[2026-06-03T07:27:19.677Z] GET http://localhost:4011/__next._tree.txt?_rsc=1r34m → 404 (15ms, 22B)
[2026-06-03T07:27:19.696Z] GET http://localhost:4011/organization/list → 200 (44ms, 2B)
[2026-06-03T07:27:19.696Z] GET http://localhost:4011/v2/user/info?user_id=default_user_id → 200 (43ms, 309B)
[2026-06-03T07:27:19.772Z] GET http://localhost:4011/models?include_model_access_groups=True → 200 (17ms, 452B)
[2026-06-03T07:28:35.538Z] GET http://localhost:4011/ui/?page=teams → 200 (2ms, 25528B)
[2026-06-03T07:28:35.583Z] GET http://localhost:4011/litellm-asset-prefix/_next/static/media/83afe278b6a6bb3c-s.p.3a6ba036.woff2 → 200 (31ms, 48432B)
[2026-06-03T07:28:35.583Z] GET http://localhost:4011/litellm-asset-prefix/_next/static/chunks/4e20891f2fd03463.css → 304 (39ms, ?B)
[2026-06-03T07:28:35.583Z] GET http://localhost:4011/litellm-asset-prefix/_next/static/chunks/ab7673a38cfdad77.css → 304 (25ms, ?B)
[2026-06-03T07:28:35.590Z] GET http://localhost:4011/litellm-asset-prefix/_next/static/chunks/3f3fa56b5786d58c.css → 304 (31ms, ?B)
[2026-06-03T07:28:35.590Z] GET http://localhost:4011/litellm-asset-prefix/_next/static/chunks/5489ec6b9761f819.js → 200 (48ms, 23008B)
[2026-06-03T07:28:35.590Z] GET http://localhost:4011/litellm-asset-prefix/_next/static/chunks/1300460219810c10.js → 200 (48ms, 41583B)
[2026-06-03T07:28:35.590Z] GET http://localhost:4011/litellm-asset-prefix/_next/static/chunks/e96398764f77c728.js → 200 (72ms, 110109B)
[2026-06-03T07:28:35.591Z] GET http://localhost:4011/litellm-asset-prefix/_next/static/chunks/726579f2940c2a2f.js → 200 (123ms, 224513B)
[2026-06-03T07:28:35.591Z] GET http://localhost:4011/litellm-asset-prefix/_next/static/chunks/turbopack-ddedb29a5eb0118f.js → 200 (71ms, 10254B)
[2026-06-03T07:28:35.591Z] GET http://localhost:4011/litellm-asset-prefix/_next/static/chunks/9e09de50158b3159.js → 200 (70ms, 12810B)
[2026-06-03T07:28:35.591Z] GET http://localhost:4011/litellm-asset-prefix/_next/static/chunks/7e5fe5584502da06.js → 200 (124ms, 185214B)
[2026-06-03T07:28:35.591Z] GET http://localhost:4011/litellm-asset-prefix/_next/static/chunks/d96012bcfc98706a.js → 200 (92ms, 283B)
[2026-06-03T07:28:35.591Z] GET http://localhost:4011/litellm-asset-prefix/_next/static/chunks/dbca964212122d58.js → 200 (108ms, 30772B)
[2026-06-03T07:28:35.591Z] GET http://localhost:4011/litellm-asset-prefix/_next/static/chunks/cd677ff381b90c30.js → 200 (108ms, 26406B)
[2026-06-03T07:28:35.592Z] GET http://localhost:4011/litellm-asset-prefix/_next/static/chunks/0e65540d910189ec.js → 200 (108ms, 27774B)
[2026-06-03T07:28:35.592Z] GET http://localhost:4011/litellm-asset-prefix/_next/static/chunks/0549bc9afa7d4888.js → 200 (126ms, 22419B)
[2026-06-03T07:28:35.592Z] GET http://localhost:4011/litellm-asset-prefix/_next/static/chunks/403c4d96324c23a6.js → 200 (123ms, 38751B)
[2026-06-03T07:28:35.592Z] GET http://localhost:4011/litellm-asset-prefix/_next/static/chunks/eaa469b758cdd75d.js → 200 (108ms, 35993B)
[2026-06-03T07:28:35.592Z] GET http://localhost:4011/litellm-asset-prefix/_next/static/chunks/c53c9c7afec96700.js → 200 (108ms, 39715B)
[2026-06-03T07:28:35.592Z] GET http://localhost:4011/litellm-asset-prefix/_next/static/chunks/1fe0596a309ad6cf.js → 200 (126ms, 33168B)
[2026-06-03T07:28:35.592Z] GET http://localhost:4011/litellm-asset-prefix/_next/static/chunks/c0b640cc12a2b90e.js → 200 (127ms, 30151B)
[2026-06-03T07:28:35.593Z] GET http://localhost:4011/litellm-asset-prefix/_next/static/chunks/ecce455f20a321a8.js → 200 (125ms, 41200B)
[2026-06-03T07:28:35.593Z] GET http://localhost:4011/litellm-asset-prefix/_next/static/chunks/1bc2898be56acd1b.js → 200 (125ms, 43435B)
[2026-06-03T07:28:35.593Z] GET http://localhost:4011/litellm-asset-prefix/_next/static/chunks/88c74f8b4b20d25a.js → 200 (126ms, 28696B)
[2026-06-03T07:28:35.593Z] GET http://localhost:4011/litellm-asset-prefix/_next/static/chunks/d29d6e2ed772cd40.js → 200 (126ms, 73391B)
[2026-06-03T07:28:35.593Z] GET http://localhost:4011/litellm-asset-prefix/_next/static/chunks/134f728fa7099e3e.js → 200 (125ms, 43734B)
[2026-06-03T07:28:35.605Z] GET http://localhost:4011/litellm-asset-prefix/_next/static/chunks/a09028cd611c08ef.js → 200 (114ms, 54155B)
[2026-06-03T07:28:35.605Z] GET http://localhost:4011/litellm-asset-prefix/_next/static/chunks/7b788dd93ad868b3.js → 200 (114ms, 26346B)
[2026-06-03T07:28:35.605Z] GET http://localhost:4011/litellm-asset-prefix/_next/static/chunks/b18c9c2cb04f232f.js → 200 (124ms, 125646B)
[2026-06-03T07:28:35.605Z] GET http://localhost:4011/litellm-asset-prefix/_next/static/chunks/47a838c67cdd745e.js → 304 (114ms, ?B)
[2026-06-03T07:28:35.605Z] GET http://localhost:4011/litellm-asset-prefix/_next/static/chunks/d3ac82723ec9e30d.js → 304 (114ms, ?B)
[2026-06-03T07:28:35.605Z] GET http://localhost:4011/litellm-asset-prefix/_next/static/chunks/0a240f3b9f7eb75f.js → 304 (115ms, ?B)
[2026-06-03T07:28:35.605Z] GET http://localhost:4011/litellm-asset-prefix/_next/static/chunks/89034a1473717ab9.js → 304 (114ms, ?B)
[2026-06-03T07:28:35.605Z] GET http://localhost:4011/litellm-asset-prefix/_next/static/chunks/e40bdf27db562169.js → 304 (114ms, ?B)
[2026-06-03T07:28:35.605Z] GET http://localhost:4011/litellm-asset-prefix/_next/static/chunks/3b30ab8eaa03bc21.js → 304 (123ms, ?B)
[2026-06-03T07:28:35.605Z] GET http://localhost:4011/litellm-asset-prefix/_next/static/chunks/e1f23fd814ac3500.js → 304 (123ms, ?B)
[2026-06-03T07:28:35.606Z] GET http://localhost:4011/litellm-asset-prefix/_next/static/chunks/60d899dd52430ef8.js → 304 (123ms, ?B)
[2026-06-03T07:28:35.606Z] GET http://localhost:4011/litellm-asset-prefix/_next/static/chunks/62b240881d1b6a32.js → 304 (123ms, ?B)
[2026-06-03T07:28:35.606Z] GET http://localhost:4011/litellm-asset-prefix/_next/static/chunks/3a50c1cde5b4e762.js → 304 (124ms, ?B)
[2026-06-03T07:28:35.606Z] GET http://localhost:4011/litellm-asset-prefix/_next/static/chunks/ddcd1fd842a79e55.js → 304 (123ms, ?B)
[2026-06-03T07:28:35.606Z] GET http://localhost:4011/litellm-asset-prefix/_next/static/chunks/7e417dd24c8becd0.js → 304 (123ms, ?B)
[2026-06-03T07:28:35.606Z] GET http://localhost:4011/litellm-asset-prefix/_next/static/chunks/4da3a9cfe4fd184c.js → 304 (151ms, ?B)
[2026-06-03T07:28:35.606Z] GET http://localhost:4011/litellm-asset-prefix/_next/static/chunks/08c0504a8b40be58.js → 304 (152ms, ?B)
[2026-06-03T07:28:35.606Z] GET http://localhost:4011/litellm-asset-prefix/_next/static/chunks/f4d1949f60a5a018.js → 304 (156ms, ?B)
[2026-06-03T07:28:35.606Z] GET http://localhost:4011/litellm-asset-prefix/_next/static/chunks/496b84010c33cf69.js → 304 (156ms, ?B)
[2026-06-03T07:28:35.606Z] GET http://localhost:4011/litellm-asset-prefix/_next/static/chunks/ca5fbafaf3826374.js → 304 (162ms, ?B)
[2026-06-03T07:28:35.606Z] GET http://localhost:4011/litellm-asset-prefix/_next/static/chunks/fcdf7322b0aa3e2e.js → 304 (163ms, ?B)
[2026-06-03T07:28:35.606Z] GET http://localhost:4011/litellm-asset-prefix/_next/static/chunks/2f8533eeba82cab7.js → 304 (163ms, ?B)
[2026-06-03T07:28:35.606Z] GET http://localhost:4011/litellm-asset-prefix/_next/static/chunks/f2da1c30c106cf05.js → 304 (163ms, ?B)
[2026-06-03T07:28:35.607Z] GET http://localhost:4011/litellm-asset-prefix/_next/static/chunks/0a65da2cd24e2ab6.js → 304 (161ms, ?B)
[2026-06-03T07:28:35.607Z] GET http://localhost:4011/litellm-asset-prefix/_next/static/chunks/4980372eaa37b78b.js → 304 (188ms, ?B)
[2026-06-03T07:28:35.607Z] GET http://localhost:4011/litellm-asset-prefix/_next/static/chunks/341e7c75250f4f40.js → 304 (200ms, ?B)
[2026-06-03T07:28:35.607Z] GET http://localhost:4011/litellm-asset-prefix/_next/static/chunks/908828a91f602d8b.js → 304 (200ms, ?B)
[2026-06-03T07:28:35.607Z] GET http://localhost:4011/litellm-asset-prefix/_next/static/chunks/2971c4658f1bcd7d.js → 304 (184ms, ?B)
[2026-06-03T07:28:35.607Z] GET http://localhost:4011/litellm-asset-prefix/_next/static/chunks/ca91b0fa4d619698.js → 304 (202ms, ?B)
[2026-06-03T07:28:35.608Z] GET http://localhost:4011/litellm-asset-prefix/_next/static/chunks/7149faf92f484aca.js → 304 (199ms, ?B)
[2026-06-03T07:28:35.608Z] GET http://localhost:4011/litellm-asset-prefix/_next/static/chunks/eaa9f9b9bb3e054b.js → 304 (199ms, ?B)
[2026-06-03T07:28:35.608Z] GET http://localhost:4011/litellm-asset-prefix/_next/static/chunks/f9c24d6e7ec43046.js → 304 (201ms, ?B)
[2026-06-03T07:28:35.608Z] GET http://localhost:4011/litellm-asset-prefix/_next/static/chunks/7c797521435cb59c.js → 304 (201ms, ?B)
[2026-06-03T07:28:35.608Z] GET http://localhost:4011/litellm-asset-prefix/_next/static/chunks/ac92164b24de092b.js → 304 (202ms, ?B)
[2026-06-03T07:28:35.608Z] GET http://localhost:4011/litellm-asset-prefix/_next/static/chunks/99cf9cf99df5ccfc.js → 304 (202ms, ?B)
[2026-06-03T07:28:35.608Z] GET http://localhost:4011/litellm-asset-prefix/_next/static/chunks/3bddc72a3ecc2253.js → 304 (202ms, ?B)
[2026-06-03T07:28:35.608Z] GET http://localhost:4011/litellm-asset-prefix/_next/static/chunks/3daef8922b68e600.js → 304 (202ms, ?B)
[2026-06-03T07:28:36.115Z] GET http://localhost:4011/litellm/.well-known/litellm-ui-config → 200 (1ms, ?B)
[2026-06-03T07:28:36.430Z] GET http://localhost:4011/get_image → 200 (?ms, 24694B)
[2026-06-03T07:28:36.430Z] GET http://localhost:4011/litellm/.well-known/litellm-ui-config → 200 (19ms, 161B)
[2026-06-03T07:28:36.434Z] GET http://localhost:4011/public/litellm_blog_posts → 200 (15ms, 353B)
[2026-06-03T07:28:36.434Z] GET http://localhost:4011/health/readiness → 200 (15ms, 632B)
[2026-06-03T07:28:36.434Z] GET http://localhost:4011/user/available_users → 401 (107ms, ?B)
[2026-06-03T07:28:36.434Z] GET http://localhost:4011/health/license → 401 (107ms, ?B)
[2026-06-03T07:28:36.434Z] GET http://localhost:4011/organization/list → pending (?ms, ?B)
[2026-06-03T07:28:36.434Z] GET http://localhost:4011/team/list → 401 (111ms, ?B)
[2026-06-03T07:28:36.434Z] GET http://localhost:4011/get/ui_settings → 200 (15ms, 3363B)
[2026-06-03T07:28:36.434Z] GET http://localhost:4011/get/ui_theme_settings → 200 (172ms, ?B)
[2026-06-03T07:28:36.437Z] GET http://localhost:4011/sso/get/ui_settings → 401 (170ms, ?B)
[2026-06-03T07:28:36.437Z] GET http://localhost:4011/v2/team/list?page=1&page_size=10&sort_by=created_at&sort_order=desc → pending (?ms, ?B)
[2026-06-03T07:28:36.437Z] GET http://localhost:4011/v2/guardrails/list → 401 (140ms, ?B)
[2026-06-03T07:28:36.441Z] GET http://localhost:4011/policies/list → pending (?ms, ?B)
[2026-06-03T07:28:36.441Z] GET http://localhost:4011/v1/mcp/access_groups → pending (?ms, ?B)
[2026-06-03T07:28:36.441Z] GET http://localhost:4011/models?include_model_access_groups=True&return_wildcard_routes=True → pending (?ms, ?B)
[2026-06-03T07:28:36.441Z] GET http://localhost:4011/models?include_model_access_groups=True → pending (?ms, ?B)
[2026-06-03T07:28:36.441Z] GET http://localhost:4011/v2/team/list?page=1&page_size=100 → pending (?ms, ?B)
[2026-06-03T07:28:36.448Z] GET http://localhost:4011/organization/list → 401 (98ms, ?B)
[2026-06-03T07:28:36.449Z] GET http://localhost:4011/in_product_nudges → pending (?ms, ?B)
[2026-06-03T07:28:36.451Z] HEAD http://localhost:4011/ → pending (?ms, ?B)
[2026-06-03T07:28:36.542Z] GET http://localhost:4011/ui/ → 200 (65ms, ?B)
[2026-06-03T07:28:36.577Z] GET http://localhost:4011/guardrails/list → pending (?ms, ?B)
[2026-06-03T07:28:36.635Z] GET http://localhost:4011/litellm-asset-prefix/_next/static/media/83afe278b6a6bb3c-s.p.3a6ba036.woff2 → 200 (52ms, ?B)
[2026-06-03T07:28:36.635Z] GET http://localhost:4011/litellm-asset-prefix/_next/static/chunks/4e20891f2fd03463.css → 200 (?ms, 1996B)
[2026-06-03T07:28:36.641Z] GET http://localhost:4011/litellm-asset-prefix/_next/static/chunks/ab7673a38cfdad77.css → 200 (?ms, 471755B)
[2026-06-03T07:28:36.641Z] GET http://localhost:4011/litellm-asset-prefix/_next/static/chunks/3f3fa56b5786d58c.css → 200 (?ms, 1013B)
[2026-06-03T07:28:36.642Z] GET http://localhost:4011/litellm-asset-prefix/_next/static/chunks/5489ec6b9761f819.js → 200 (45ms, ?B)
[2026-06-03T07:28:36.642Z] GET http://localhost:4011/litellm-asset-prefix/_next/static/chunks/1300460219810c10.js → 200 (45ms, ?B)
[2026-06-03T07:28:36.642Z] GET http://localhost:4011/litellm-asset-prefix/_next/static/chunks/e96398764f77c728.js → 200 (46ms, ?B)
[2026-06-03T07:28:36.642Z] GET http://localhost:4011/litellm-asset-prefix/_next/static/chunks/726579f2940c2a2f.js → 200 (59ms, ?B)
[2026-06-03T07:28:36.642Z] GET http://localhost:4011/litellm-asset-prefix/_next/static/chunks/turbopack-ddedb29a5eb0118f.js → 200 (46ms, ?B)
[2026-06-03T07:28:36.642Z] GET http://localhost:4011/litellm-asset-prefix/_next/static/chunks/9e09de50158b3159.js → 200 (46ms, ?B)
[2026-06-03T07:28:36.642Z] GET http://localhost:4011/litellm-asset-prefix/_next/static/chunks/7e5fe5584502da06.js → 200 (59ms, ?B)
[2026-06-03T07:28:36.642Z] GET http://localhost:4011/litellm-asset-prefix/_next/static/chunks/d96012bcfc98706a.js → 200 (46ms, ?B)
[2026-06-03T07:28:36.642Z] GET http://localhost:4011/litellm-asset-prefix/_next/static/chunks/dbca964212122d58.js → 200 (46ms, ?B)
[2026-06-03T07:28:36.642Z] GET http://localhost:4011/litellm-asset-prefix/_next/static/chunks/cd677ff381b90c30.js → 200 (46ms, ?B)
[2026-06-03T07:28:36.642Z] GET http://localhost:4011/litellm-asset-prefix/_next/static/chunks/0e65540d910189ec.js → 200 (46ms, ?B)
[2026-06-03T07:28:36.642Z] GET http://localhost:4011/litellm-asset-prefix/_next/static/chunks/0549bc9afa7d4888.js → 200 (59ms, ?B)
[2026-06-03T07:28:36.642Z] GET http://localhost:4011/litellm-asset-prefix/_next/static/chunks/403c4d96324c23a6.js → 200 (59ms, ?B)
[2026-06-03T07:28:36.642Z] GET http://localhost:4011/litellm-asset-prefix/_next/static/chunks/eaa469b758cdd75d.js → 200 (59ms, ?B)
[2026-06-03T07:28:36.642Z] GET http://localhost:4011/litellm-asset-prefix/_next/static/chunks/c53c9c7afec96700.js → 200 (70ms, ?B)
[2026-06-03T07:28:36.642Z] GET http://localhost:4011/litellm-asset-prefix/_next/static/chunks/1fe0596a309ad6cf.js → 200 (71ms, ?B)
[2026-06-03T07:28:36.642Z] GET http://localhost:4011/litellm-asset-prefix/_next/static/chunks/c0b640cc12a2b90e.js → 200 (72ms, ?B)
[2026-06-03T07:28:36.642Z] GET http://localhost:4011/litellm-asset-prefix/_next/static/chunks/ecce455f20a321a8.js → 200 (71ms, ?B)
[2026-06-03T07:28:36.642Z] GET http://localhost:4011/litellm-asset-prefix/_next/static/chunks/1bc2898be56acd1b.js → 200 (71ms, ?B)
[2026-06-03T07:28:36.642Z] GET http://localhost:4011/litellm-asset-prefix/_next/static/chunks/88c74f8b4b20d25a.js → 200 (71ms, ?B)
[2026-06-03T07:28:36.642Z] GET http://localhost:4011/litellm-asset-prefix/_next/static/chunks/d29d6e2ed772cd40.js → 200 (71ms, ?B)
[2026-06-03T07:28:36.642Z] GET http://localhost:4011/litellm-asset-prefix/_next/static/chunks/134f728fa7099e3e.js → 200 (71ms, ?B)
[2026-06-03T07:28:36.642Z] GET http://localhost:4011/litellm-asset-prefix/_next/static/chunks/a09028cd611c08ef.js → 200 (72ms, ?B)
[2026-06-03T07:28:36.642Z] GET http://localhost:4011/litellm-asset-prefix/_next/static/chunks/7b788dd93ad868b3.js → 200 (72ms, ?B)
[2026-06-03T07:28:36.643Z] GET http://localhost:4011/litellm-asset-prefix/_next/static/chunks/b18c9c2cb04f232f.js → 200 (?ms, 125646B)
[2026-06-03T07:28:36.644Z] GET http://localhost:4011/litellm-asset-prefix/_next/static/chunks/47a838c67cdd745e.js → 200 (?ms, 48720B)
[2026-06-03T07:28:36.647Z] GET http://localhost:4011/litellm-asset-prefix/_next/static/chunks/d3ac82723ec9e30d.js → 200 (67ms, ?B)
[2026-06-03T07:28:36.647Z] GET http://localhost:4011/litellm-asset-prefix/_next/static/chunks/0a240f3b9f7eb75f.js → 200 (3ms, 40416B)
[2026-06-03T07:28:36.662Z] GET http://localhost:4011/litellm-asset-prefix/_next/static/chunks/89034a1473717ab9.js → 200 (52ms, ?B)
[2026-06-03T07:28:36.662Z] GET http://localhost:4011/litellm-asset-prefix/_next/static/chunks/e40bdf27db562169.js → 200 (?ms, 73558B)
[2026-06-03T07:28:36.662Z] GET http://localhost:4011/litellm-asset-prefix/_next/static/chunks/3b30ab8eaa03bc21.js → 200 (?ms, 51608B)
[2026-06-03T07:28:36.662Z] GET http://localhost:4011/litellm-asset-prefix/_next/static/chunks/e1f23fd814ac3500.js → 200 (1ms, 38190B)
[2026-06-03T07:28:36.663Z] GET http://localhost:4011/litellm-asset-prefix/_next/static/chunks/60d899dd52430ef8.js → 200 (?ms, 90391B)
[2026-06-03T07:28:36.663Z] GET http://localhost:4011/litellm-asset-prefix/_next/static/chunks/62b240881d1b6a32.js → 200 (?ms, 192705B)
[2026-06-03T07:28:36.663Z] GET http://localhost:4011/litellm-asset-prefix/_next/static/chunks/3a50c1cde5b4e762.js → 200 (?ms, 273723B)
[2026-06-03T07:28:36.663Z] GET http://localhost:4011/litellm-asset-prefix/_next/static/chunks/ddcd1fd842a79e55.js → 200 (?ms, 62766B)
[2026-06-03T07:28:36.663Z] GET http://localhost:4011/litellm-asset-prefix/_next/static/chunks/7e417dd24c8becd0.js → 200 (8ms, 625410B)
[2026-06-03T07:28:36.671Z] GET http://localhost:4011/litellm-asset-prefix/_next/static/chunks/4da3a9cfe4fd184c.js → 200 (?ms, 201791B)
[2026-06-03T07:28:36.672Z] GET http://localhost:4011/litellm-asset-prefix/_next/static/chunks/08c0504a8b40be58.js → 200 (?ms, 551122B)
[2026-06-03T07:28:36.672Z] GET http://localhost:4011/litellm-asset-prefix/_next/static/chunks/f4d1949f60a5a018.js → 200 (?ms, 60104B)
[2026-06-03T07:28:36.672Z] GET http://localhost:4011/litellm-asset-prefix/_next/static/chunks/496b84010c33cf69.js → 200 (?ms, 397105B)
[2026-06-03T07:28:36.672Z] GET http://localhost:4011/litellm-asset-prefix/_next/static/chunks/ca5fbafaf3826374.js → 200 (?ms, 120964B)
[2026-06-03T07:28:36.672Z] GET http://localhost:4011/litellm-asset-prefix/_next/static/chunks/fcdf7322b0aa3e2e.js → 200 (?ms, 114970B)
[2026-06-03T07:28:36.672Z] GET http://localhost:4011/litellm-asset-prefix/_next/static/chunks/2f8533eeba82cab7.js → 200 (?ms, 102430B)
[2026-06-03T07:28:36.672Z] GET http://localhost:4011/litellm-asset-prefix/_next/static/chunks/f2da1c30c106cf05.js → 200 (1ms, 189972B)
[2026-06-03T07:28:36.676Z] GET http://localhost:4011/litellm-asset-prefix/_next/static/chunks/0a65da2cd24e2ab6.js → 200 (?ms, 106863B)
[2026-06-03T07:28:36.676Z] GET http://localhost:4011/litellm-asset-prefix/_next/static/chunks/4980372eaa37b78b.js → 200 (?ms, 120305B)
[2026-06-03T07:28:36.676Z] GET http://localhost:4011/litellm-asset-prefix/_next/static/chunks/341e7c75250f4f40.js → 200 (?ms, 87672B)
[2026-06-03T07:28:36.676Z] GET http://localhost:4011/litellm-asset-prefix/_next/static/chunks/908828a91f602d8b.js → 200 (1ms, 152521B)
[2026-06-03T07:28:36.677Z] GET http://localhost:4011/litellm-asset-prefix/_next/static/chunks/2971c4658f1bcd7d.js → 200 (?ms, 78766B)
[2026-06-03T07:28:36.677Z] GET http://localhost:4011/litellm-asset-prefix/_next/static/chunks/ca91b0fa4d619698.js → 200 (?ms, 122239B)
[2026-06-03T07:28:36.677Z] GET http://localhost:4011/litellm-asset-prefix/_next/static/chunks/7149faf92f484aca.js → 200 (?ms, 90103B)
[2026-06-03T07:28:36.677Z] GET http://localhost:4011/litellm-asset-prefix/_next/static/chunks/eaa9f9b9bb3e054b.js → 200 (?ms, 174972B)
[2026-06-03T07:28:36.677Z] GET http://localhost:4011/litellm-asset-prefix/_next/static/chunks/f9c24d6e7ec43046.js → 200 (?ms, 46854B)
[2026-06-03T07:28:36.677Z] GET http://localhost:4011/litellm-asset-prefix/_next/static/chunks/7c797521435cb59c.js → 200 (?ms, ?B)
[2026-06-03T07:28:36.677Z] GET http://localhost:4011/litellm-asset-prefix/_next/static/chunks/ac92164b24de092b.js → 200 (?ms, ?B)
[2026-06-03T07:28:36.678Z] GET http://localhost:4011/litellm-asset-prefix/_next/static/chunks/99cf9cf99df5ccfc.js → 200 (?ms, ?B)
[2026-06-03T07:28:36.686Z] GET http://localhost:4011/litellm-asset-prefix/_next/static/chunks/3bddc72a3ecc2253.js → 200 (?ms, ?B)
[2026-06-03T07:28:36.686Z] GET http://localhost:4011/litellm-asset-prefix/_next/static/chunks/3daef8922b68e600.js → 200 (?ms, ?B)
[2026-06-03T07:28:37.457Z] GET http://localhost:4011/litellm/.well-known/litellm-ui-config → 200 (16ms, ?B)
[2026-06-03T07:28:37.474Z] GET http://localhost:4011/ui/login?redirect_to=http%3A%2F%2Flocalhost%3A4011%2Fui%2F → 307 (14ms, ?B)
[2026-06-03T07:28:37.489Z] GET http://localhost:4011/ui/login/?redirect_to=http%3A%2F%2Flocalhost%3A4011%2Fui%2F → 200 (?ms, 11621B)
[2026-06-03T07:28:37.508Z] GET http://localhost:4011/litellm-asset-prefix/_next/static/media/83afe278b6a6bb3c-s.p.3a6ba036.woff2 → 200 (42ms, 48432B)
[2026-06-03T07:28:37.508Z] GET http://localhost:4011/litellm-asset-prefix/_next/static/chunks/4e20891f2fd03463.css → 200 (?ms, 1996B)
[2026-06-03T07:28:37.509Z] GET http://localhost:4011/litellm-asset-prefix/_next/static/chunks/ab7673a38cfdad77.css → 200 (?ms, 471755B)
[2026-06-03T07:28:37.509Z] GET http://localhost:4011/litellm-asset-prefix/_next/static/chunks/5489ec6b9761f819.js → 200 (?ms, 23008B)
[2026-06-03T07:28:37.510Z] GET http://localhost:4011/litellm-asset-prefix/_next/static/chunks/1300460219810c10.js → 200 (?ms, 41583B)
[2026-06-03T07:28:37.510Z] GET http://localhost:4011/litellm-asset-prefix/_next/static/chunks/e96398764f77c728.js → 200 (?ms, 110109B)
[2026-06-03T07:28:37.510Z] GET http://localhost:4011/litellm-asset-prefix/_next/static/chunks/726579f2940c2a2f.js → 200 (?ms, 224513B)
[2026-06-03T07:28:37.510Z] GET http://localhost:4011/litellm-asset-prefix/_next/static/chunks/turbopack-ddedb29a5eb0118f.js → 200 (?ms, 10254B)
[2026-06-03T07:28:37.511Z] GET http://localhost:4011/litellm-asset-prefix/_next/static/chunks/9e09de50158b3159.js → 200 (?ms, 12810B)
[2026-06-03T07:28:37.511Z] GET http://localhost:4011/litellm-asset-prefix/_next/static/chunks/7e5fe5584502da06.js → 200 (?ms, 185214B)
[2026-06-03T07:28:37.511Z] GET http://localhost:4011/litellm-asset-prefix/_next/static/chunks/d96012bcfc98706a.js → 200 (2ms, 283B)
[2026-06-03T07:28:37.513Z] GET http://localhost:4011/litellm-asset-prefix/_next/static/chunks/dbca964212122d58.js → 200 (?ms, 30772B)
[2026-06-03T07:28:37.537Z] GET http://localhost:4011/litellm-asset-prefix/_next/static/chunks/6392214b899e5c07.js → 200 (13ms, 16555B)
[2026-06-03T07:28:37.537Z] GET http://localhost:4011/litellm-asset-prefix/_next/static/chunks/a1ef280b7ad5ae6a.js → 200 (16ms, 38257B)
[2026-06-03T07:28:37.537Z] GET http://localhost:4011/litellm-asset-prefix/_next/static/chunks/0a6c418370a8c183.js → 200 (14ms, 22346B)
[2026-06-03T07:28:37.538Z] GET http://localhost:4011/litellm-asset-prefix/_next/static/chunks/570b2e10aa856e54.js → 200 (13ms, 28696B)
[2026-06-03T07:28:37.538Z] GET http://localhost:4011/litellm-asset-prefix/_next/static/chunks/6a0fd05cc4ab959b.js → 200 (84ms, 551122B)
[2026-06-03T07:28:37.538Z] GET http://localhost:4011/litellm-asset-prefix/_next/static/chunks/fcad393dcc862a21.js → 200 (13ms, 39519B)
[2026-06-03T07:28:37.538Z] GET http://localhost:4011/litellm-asset-prefix/_next/static/chunks/7b788dd93ad868b3.js → 200 (?ms, 26346B)
[2026-06-03T07:28:37.703Z] GET http://localhost:4011/litellm/.well-known/litellm-ui-config → 200 (3ms, 161B)
[2026-06-03T07:29:31.875Z] GET http://localhost:4011/team/list → 401 (39ms, 129B)
